Sample_ID,Latitude_deg_SAR,Longitude_deg_SAR,Incidence_Angle_deg_SAR,Ground_Range_m_SAR,Slant_Range_m_SAR,Sat_Pos_X_m_SAR_OAT,Sat_Pos_Y_m_SAR_OAT,Sat_Pos_Z_m_SAR_OAT,Reflectance_OHRC,Elevation_m_TMC2,Slope_deg_TMC2,CPR_DFSAR,Hazard_Class_Label
sample_0001,-86.5188,-145.7955,23.93,94489.36,94341.11,-122098.36,-38106.53,-1817441.47,0.0,-1912.6,6.3,0.54,shadowing_obscuration
sample_0002,-86.5262,-144.944,24.83,95204.06,94341.06,-122098.36,-38106.53,-1817441.47,0.0,-1808.9,14.5,0.52,shadowing_obscuration
sample_0003,-86.5334,-143.9312,25.91,96002.14,94626.82,-122098.36,-38106.53,-1817441.47,0.0,-1848.2,22.1,1.38,steep_slope_hazard
sample_0004,-86.533,-145.618,24.13,94666.36,94855.21,-122098.36,-38106.53,-1817441.47,0.0,-1872.2,18.8,0.52,steep_slope_hazard
sample_0005,-86.5407,-144.658,25.15,95446.34,95083.6,-122098.36,-38106.53,-1817441.47,0.0,-1951.9,20.6,0.55,steep_slope_hazard
sample_0006,-86.5473,-143.7346,26.11,96192.7,95140.63,-121456.11,-37592.73,-1817489.41,0.0,-1951.9,17.2,1.19,steep_slope_hazard
sample_0007,-86.5473,-145.4238,24.35,94844.16,95369.01,-121456.11,-37592.73,-1817489.41,0.0,-1969.5,17.9,0.78,steep_slope_hazard
sample_0008,-86.5549,-144.4393,25.39,95632.15,95654.45,-121456.11,-37592.73,-1817489.41,0.0,-1824.1,21.5,1.21,steep_slope_hazard
sample_0009,-86.5615,-143.4151,26.46,96441.64,95882.8,-121456.11,-37592.73,-1817489.41,0.0,-1871.8,7.7,0.28,shadowing_obscuration
sample_0010,-86.562,-145.131,24.68,95083.51,96111.15,-121456.11,-37592.73,-1817489.41,0.0,-1852.5,13.3,0.83,shadowing_obscuration
sample_0011,-86.569,-144.213,25.64,95817.5,96168.3,-120813.85,-37078.93,-1817536.98,0.0,-1976.3,7.1,0.24,shadowing_obscuration
sample_0012,-86.5684,-145.8682,23.92,94489.33,96396.78,-120813.85,-37078.93,-1817536.98,0.0,-1805.4,24.7,0.28,steep_slope_hazard
sample_0013,-86.5762,-144.9262,24.9,95266.57,94455.2,-120813.85,-37078.93,-1817536.98,0.0,-1830.2,23.7,1.38,steep_slope_hazard
sample_0014,-86.5833,-143.9004,25.97,96064.72,94740.74,-120813.85,-37078.93,-1817536.98,0.0,-1941.8,2.9,0.38,shadowing_obscuration
sample_0015,-86.5831,-145.6004,24.22,94725.32,94969.16,-120813.85,-37078.93,-1817536.98,0.0,-1947.3,18.2,0.89,steep_slope_hazard
sample_0016,-86.5905,-144.7012,25.15,95444.0,95026.41,-120171.55,-36565.12,-1817584.18,0.0,-1947.0,23.3,0.73,steep_slope_hazard
sample_0017,-86.5973,-143.6678,26.22,96252.96,95254.47,-120171.55,-36565.12,-1817584.18,0.0,-1925.2,6.2,0.65,shadowing_obscuration
sample_0018,-86.5974,-145.3858,24.46,94903.85,95482.91,-120171.55,-36565.12,-1817584.18,0.0,-1885.5,15.1,1.37,steep_slope_hazard
sample_0019,-86.6049,-144.3953,25.48,95692.83,95768.39,-120171.55,-36565.12,-1817584.18,0.0,-1902.2,23.1,0.23,steep_slope_hazard
sample_0020,-86.6113,-143.4362,26.47,96442.02,95825.42,-120171.55,-36565.12,-1817584.18,0.0,-1927.6,2.8,1.06,shadowing_obscuration
sample_0021,-86.6118,-145.1718,24.7,95083.69,96053.9,-119529.23,-36051.3,-1817631.01,0.0,-1869.9,18.0,1.45,steep_slope_hazard
sample_0022,-86.6191,-144.1503,25.75,95878.11,96282.4,-119529.23,-36051.3,-1817631.01,0.0,-1954.9,8.8,0.93,shadowing_obscuration
sample_0023,-86.6189,-145.7534,24.13,94548.22,94339.81,-119529.23,-36051.3,-1817631.01,0.0,-1927.4,23.3,1.42,steep_slope_hazard
sample_0024,-86.6263,-144.8725,25.02,95326.33,94568.45,-119529.23,-36051.3,-1817631.01,0.0,-1914.1,24.3,0.27,steep_slope_hazard
sample_0025,-86.6329,-144.0072,25.89,96065.23,94625.59,-119529.23,-36051.3,-1817631.01,0.0,-1897.9,23.7,0.74,steep_slope_hazard
sample_0026,-86.6333,-145.5532,24.35,94725.31,94911.49,-118886.89,-35537.48,-1817677.48,0.0,-1838.7,12.9,0.54,shadowing_obscuration
sample_0027,-86.6406,-144.6416,25.27,95508.34,95139.87,-118886.89,-35537.48,-1817677.48,0.0,-1944.1,21.8,1.15,steep_slope_hazard
sample_0028,-86.6473,-143.63,26.29,96316.93,95368.25,-118886.89,-35537.48,-1817677.48,0.0,-1887.4,21.4,1.48,steep_slope_hazard
sample_0029,-86.6477,-145.3049,24.62,94964.8,95596.78,-118886.89,-35537.48,-1817677.48,0.0,-1873.4,9.3,0.53,shadowing_obscuration
sample_0030,-86.6548,-144.4056,25.53,95692.32,95653.82,-118886.89,-35537.48,-1817677.48,0.0,-1971.6,21.1,1.05,steep_slope_hazard
sample_0031,-86.6613,-143.3636,26.58,96505.1,95939.12,-118244.52,-35023.65,-1817723.57,0.0,-1870.6,2.9,0.46,shadowing_obscuration
sample_0032,-86.6619,-145.1109,24.82,95145.33,96167.78,-118244.52,-35023.65,-1817723.57,0.0,-1949.3,15.7,0.93,steep_slope_hazard
sample_0033,-86.6691,-144.097,25.85,95940.16,96396.64,-118244.52,-35023.65,-1817723.57,0.0,-1968.3,7.3,0.8,shadowing_obscuration
sample_0034,-86.6691,-145.7157,24.26,94548.03,96454.0,-118244.52,-35023.65,-1817723.57,0.0,-1809.2,4.8,1.46,shadowing_obscuration
sample_0035,-86.6762,-144.898,25.05,95325.43,94510.36,-118244.52,-35023.65,-1817723.57,0.0,-1806.2,3.8,0.99,shadowing_obscuration
sample_0036,-86.6832,-143.8688,26.09,96127.87,94739.34,-117602.12,-34509.82,-1817769.3,0.0,-1834.5,18.0,0.65,steep_slope_hazard
sample_0037,-86.6835,-145.4893,24.49,94785.28,95025.32,-117602.12,-34509.82,-1817769.3,0.0,-1925.2,9.8,0.35,shadowing_obscuration
sample_0038,-86.6906,-144.5947,25.37,95569.16,95253.79,-117602.12,-34509.82,-1817769.3,0.0,-1962.4,18.7,0.4,steep_slope_hazard
sample_0039,-86.6972,-143.6237,26.34,96313.69,95310.86,-117602.12,-34509.82,-1817769.3,0.0,-1856.8,3.5,0.49,shadowing_obscuration
sample_0040,-86.6976,-145.331,24.66,94965.62,95539.25,-117602.12,-34509.82,-1817769.3,0.0,-1900.8,9.3,0.53,shadowing_obscuration
sample_0041,-86.7048,-144.3643,25.62,95754.32,95767.8,-116959.7,-33995.98,-1817814.66,0.0,-1958.0,14.4,1.31,shadowing_obscuration
sample_0042,-86.7113,-143.3018,26.67,96568.59,96053.17,-116959.7,-33995.98,-1817814.66,0.0,-1890.9,20.2,0.93,steep_slope_hazard
sample_0043,-86.712,-145.0773,24.92,95206.81,96281.62,-116959.7,-33995.98,-1817814.66,0.0,-1973.8,9.3,0.88,shadowing_obscuration
sample_0044,-86.7189,-144.1258,25.87,95938.85,96338.73,-116959.7,-33995.98,-1817814.66,0.0,-1816.3,16.4,0.35,steep_slope_hazard
sample_0045,-86.7188,-145.7657,24.26,94605.99,94397.5,-116959.7,-33995.98,-1817814.66,0.0,-1933.4,22.4,1.32,steep_slope_hazard
sample_0046,-86.7262,-144.8726,25.13,95386.77,94624.55,-116317.25,-33482.14,-1817859.66,0.0,-1860.7,16.2,1.14,steep_slope_hazard
sample_0047,-86.7332,-143.8163,26.18,96187.2,94853.59,-116317.25,-33482.14,-1817859.66,0.0,-1923.9,7.4,0.29,shadowing_obscuration
sample_0048,-86.7332,-145.5611,24.48,94784.16,94910.75,-116317.25,-33482.14,-1817859.66,0.0,-1886.4,2.6,1.12,shadowing_obscuration
sample_0049,-86.7404,-144.6335,25.39,95569.35,95196.42,-116317.25,-33482.14,-1817859.66,0.0,-1881.6,22.0,0.91,steep_slope_hazard
sample_0050,-86.7472,-143.5745,26.43,96379.21,95424.7,-115674.78,-32968.29,-1817904.28,0.0,-1946.7,2.5,0.31,shadowing_obscuration
sample_0051,-86.7475,-145.3455,24.7,95023.0,95653.16,-115674.78,-32968.29,-1817904.28,0.0,-1805.5,22.1,0.8,steep_slope_hazard
sample_0052,-86.7548,-144.3318,25.69,95816.95,95881.54,-115674.78,-32968.29,-1817904.28,0.0,-1840.5,14.2,0.83,shadowing_obscuration
sample_0053,-86.7611,-143.346,26.65,96568.73,95938.62,-115674.78,-32968.29,-1817904.28,0.0,-1810.9,23.6,0.42,steep_slope_hazard
sample_0054,-86.7618,-145.1267,24.93,95204.76,96224.23,-115674.78,-32968.29,-1817904.28,0.0,-1818.9,20.4,1.43,steep_slope_hazard
sample_0055,-86.7689,-144.0843,25.95,96000.91,96452.78,-115032.28,-32454.44,-1817948.54,0.0,-1872.4,25.0,1.3,steep_slope_hazard
sample_0056,-86.7687,-145.7929,24.3,94666.28,94510.46,-115032.28,-32454.44,-1817948.54,0.0,-1814.1,10.1,1.07,shadowing_obscuration
sample_0057,-86.7763,-144.8229,25.24,95446.54,94739.12,-115032.28,-32454.44,-1817948.54,0.0,-1964.1,19.6,0.8,steep_slope_hazard
sample_0058,-86.783,-143.8399,26.2,96190.29,94796.2,-115032.28,-32454.44,-1817948.54,0.0,-1944.7,11.2,0.74,shadowing_obscuration
sample_0059,-86.7829,-145.608,24.49,94843.75,95024.79,-115032.28,-32454.44,-1817948.54,0.0,-1971.9,13.0,1.05,shadowing_obscuration
sample_0060,-86.7904,-144.6124,25.45,95632.94,95310.28,-114389.76,-31940.58,-1817992.42,0.0,-1921.4,16.4,0.91,steep_slope_hazard
sample_0061,-86.7971,-143.5207,26.51,96441.24,95538.9,-114389.76,-31940.58,-1817992.42,0.0,-1910.0,22.1,0.28,steep_slope_hazard
sample_0062,-86.7972,-145.404,24.7,95023.49,95595.86,-114389.76,-31940.58,-1817992.42,0.0,-1931.2,24.6,0.87,steep_slope_hazard
sample_0063,-86.8046,-144.3655,25.71,95816.34,95824.15,-114389.76,-31940.58,-1817992.42,0.0,-1830.8,19.7,1.25,steep_slope_hazard
sample_0064,-86.8043,-146.0105,24.15,94489.35,96052.64,-114389.76,-31940.58,-1817992.42,0.0,-1915.8,11.6,0.8,shadowing_obscuration
sample_0065,-86.8118,-145.1038,25.01,95266.0,96338.24,-113747.21,-31426.71,-1818035.94,0.0,-1929.4,11.7,0.27,shadowing_obscuration
sample_0066,-86.8189,-144.0396,26.03,96065.27,94395.49,-113747.21,-31426.71,-1818035.94,0.0,-1882.3,19.0,1.22,steep_slope_hazard
sample_0067,-86.8187,-145.7867,24.39,94665.62,94452.52,-113747.21,-31426.71,-1818035.94,0.0,-1954.6,7.5,0.46,shadowing_obscuration
sample_0068,-86.8261,-144.8606,25.26,95448.09,94681.11,-113747.21,-31426.71,-1818035.94,0.0,-1835.6,4.5,0.54,shadowing_obscuration
sample_0069,-86.833,-143.7897,26.28,96252.7,94909.84,-113747.21,-31426.71,-1818035.94,0.0,-1966.6,10.2,0.41,shadowing_obscuration
sample_0070,-86.8335,-145.4719,24.71,94903.25,95138.63,-113104.64,-30912.85,-1818079.09,0.0,-1802.4,8.6,0.63,shadowing_obscuration
sample_0071,-86.8405,-144.5579,25.56,95692.6,95424.39,-113104.64,-30912.85,-1818079.09,0.0,-1841.0,8.8,1.18,shadowing_obscuration
sample_0072,-86.847,-143.5376,26.53,96441.71,95481.46,-113104.64,-30912.85,-1818079.09,0.0,-1944.2,7.4,0.88,shadowing_obscuration
sample_0073,-86.8476,-145.2867,24.9,95083.09,95709.63,-113104.64,-30912.85,-1818079.09,0.0,-1979.0,3.0,0.47,shadowing_obscuration
sample_0074,-86.8547,-144.3027,25.82,95877.91,95938.07,-113104.64,-30912.85,-1818079.09,0.0,-1833.2,2.4,1.34,shadowing_obscuration
sample_0075,-86.855,-145.8507,24.4,94548.19,96166.49,-112462.04,-30398.97,-1818121.87,0.0,-1852.8,24.7,1.34,steep_slope_hazard
sample_0076,-86.8621,-145.0103,25.17,95325.89,96452.09,-112462.04,-30398.97,-1818121.87,0.0,-1848.8,11.8,1.33,shadowing_obscuration
sample_0077,-86.8687,-144.0697,26.05,96064.4,94336.85,-112462.04,-30398.97,-1818121.87,0.0,-1841.2,10.8,0.51,shadowing_obscuration
sample_0078,-86.8693,-145.655,24.6,94725.21,94565.76,-112462.04,-30398.97,-1818121.87,0.0,-1966.7,17.6,0.79,steep_slope_hazard
sample_0079,-86.8762,-144.7937,25.38,95507.26,94794.47,-112462.04,-30398.97,-1818121.87,0.0,-1915.5,7.0,1.48,shadowing_obscuration
sample_0080,-86.8829,-143.7489,26.36,96316.11,95023.29,-111819.42,-29885.1,-1818164.29,0.0,-1959.1,23.8,1.2,steep_slope_hazard
sample_0081,-86.8836,-145.4362,24.83,94903.96,95080.46,-111819.42,-29885.1,-1818164.29,0.0,-1824.6,20.1,0.24,steep_slope_hazard
sample_0082,-86.8905,-144.5433,25.64,95692.86,95309.1,-111819.42,-29885.1,-1818164.29,0.0,-1867.8,4.1,0.28,shadowing_obscuration
sample_0083,-86.897,-143.4766,26.62,96505.23,95594.94,-111819.42,-29885.1,-1818164.29,0.0,-1920.4,11.6,0.8,shadowing_obscuration
sample_0084,-86.898,-145.1652,25.09,95144.13,95823.66,-111819.42,-29885.1,-1818164.29,0.0,-1968.6,22.2,1.38,steep_slope_hazard
sample_0085,-86.9047,-144.2495,25.92,95940.03,96051.91,-111176.78,-29371.22,-1818206.33,0.0,-1924.0,23.7,0.9,steep_slope_hazard
sample_0086,-86.9053,-145.7732,24.57,94548.32,96108.96,-111176.78,-29371.22,-1818206.33,0.0,-1921.5,12.8,0.85,shadowing_obscuration
sample_0087,-86.9123,-144.9257,25.33,95325.37,96337.44,-111176.78,-29371.22,-1818206.33,0.0,-1848.7,16.1,0.34,steep_slope_hazard
sample_0088,-86.9189,-143.9698,26.19,96127.68,94450.05,-111176.78,-29371.22,-1818206.33,0.0,-1865.2,5.8,1.05,shadowing_obscuration
sample_0089,-86.9199,-145.4929,24.85,94784.47,94678.72,-111176.78,-29371.22,-1818206.33,0.0,-1820.3,24.8,1.27,steep_slope_hazard
sample_0090,-86.9267,-144.6142,25.63,95568.9,94907.45,-110534.11,-28857.33,-1818248.01,0.0,-1895.0,7.3,0.69,shadowing_obscuration
sample_0091,-86.9329,-143.7222,26.43,96316.48,94964.48,-110534.11,-28857.33,-1818248.01,0.0,-1958.5,23.7,1.21,steep_slope_hazard
sample_0092,-86.9343,-145.2364,25.11,94962.88,95193.26,-110534.11,-28857.33,-1818248.01,0.0,-1851.6,16.9,1.45,steep_slope_hazard
sample_0093,-86.9407,-144.4225,25.81,95754.28,95422.31,-110534.11,-28857.33,-1818248.01,0.0,-1843.1,16.0,0.46,steep_slope_hazard
sample_0094,-86.9472,-143.2803,26.86,96568.57,95708.28,-110534.11,-28857.33,-1818248.01,0.0,-1879.0,13.8,0.88,shadowing_obscuration
sample_0095,-86.9486,-145.0112,25.33,95145.5,95765.19,-109891.42,-28343.44,-1818289.32,0.0,-1841.2,7.3,0.57,shadowing_obscuration
sample_0096,-86.955,-144.1262,26.11,95940.91,95993.61,-109891.42,-28343.44,-1818289.32,0.0,-1891.1,6.1,1.23,shadowing_obscuration
sample_0097,-86.9561,-145.5929,24.84,94606.94,96221.96,-109891.42,-28343.44,-1818289.32,0.0,-1885.9,7.1,0.95,shadowing_obscuration
sample_0098,-86.9629,-144.7396,25.59,95387.34,96450.27,-109891.42,-28343.44,-1818289.32,0.0,-1903.0,6.3,1.02,shadowing_obscuration
sample_0099,-86.9693,-143.7454,26.47,96191.23,94562.83,-109248.7,-27829.55,-1818330.26,0.0,-1975.4,19.9,1.24,steep_slope_hazard
sample_0100,-86.9704,-145.3523,25.09,94783.86,94562.74,-109248.7,-27829.55,-1818330.26,0.0,-1960.6,10.1,0.71,shadowing_obscuration
sample_0101,-86.9771,-144.4906,25.83,95570.14,94848.68,-109248.7,-27829.55,-1818330.26,0.0,-1974.3,3.3,1.39,shadowing_obscuration
sample_0102,-86.9834,-143.4574,26.75,96378.62,95077.62,-109248.7,-27829.55,-1818330.26,0.0,-1865.4,24.3,0.89,steep_slope_hazard
sample_0103,-86.9849,-145.0747,25.35,95024.93,95306.31,-109248.7,-27829.55,-1818330.26,0.0,-1923.4,22.3,0.41,steep_slope_hazard
sample_0104,-86.9914,-144.1607,26.14,95816.12,95534.86,-108605.96,-27315.65,-1818370.83,0.0,-1888.5,23.3,1.1,steep_slope_hazard
sample_0105,-86.9974,-143.1073,27.09,96569.51,95592.27,-108605.96,-27315.65,-1818370.83,0.0,-1816.6,24.9,1.23,steep_slope_hazard
sample_0106,-86.999,-144.8687,25.54,95205.07,95877.47,-108605.96,-27315.65,-1818370.83,0.0,-1935.1,6.0,0.61,shadowing_obscuration
sample_0107,-87.0056,-143.8582,26.44,95996.96,96105.83,-108605.96,-27315.65,-1818370.83,0.0,-1906.1,11.1,1.31,shadowing_obscuration
sample_0108,-87.0064,-145.4909,25.02,94665.96,96334.06,-108605.96,-27315.65,-1818370.83,0.0,-1844.0,19.4,1.38,steep_slope_hazard
sample_0109,-87.0133,-144.5966,25.81,95385.38,96390.91,-107963.2,-26801.75,-1818411.03,0.0,-1938.8,18.0,0.56,steep_slope_hazard
sample_0110,-87.0198,-143.4882,26.8,96190.37,94447.79,-107963.2,-26801.75,-1818411.03,0.0,-1966.1,5.5,1.48,shadowing_obscuration
sample_0111,-87.0206,-145.3069,25.19,94845.04,94676.59,-107963.2,-26801.75,-1818411.03,0.0,-1927.8,20.8,0.38,steep_slope_hazard
sample_0112,-87.0278,-144.2113,26.18,95631.06,94962.22,-107963.2,-26801.75,-1818411.03,0.0,-1951.0,7.2,0.46,shadowing_obscuration
sample_0113,-87.034,-143.061,27.21,96441.86,95190.61,-107963.2,-26801.75,-1818411.03,0.0,-1812.7,7.1,0.44,shadowing_obscuration
sample_0114,-87.0349,-145.057,25.44,95023.77,95247.5,-107320.42,-26287.85,-1818450.87,0.0,-1834.5,14.4,1.36,shadowing_obscuration
sample_0115,-87.042,-143.8844,26.5,95816.2,95475.68,-107320.42,-26287.85,-1818450.87,0.0,-1866.0,15.6,1.05,steep_slope_hazard
sample_0116,-87.0421,-145.7264,24.87,94489.33,95704.05,-107320.42,-26287.85,-1818450.87,0.0,-1823.1,15.3,0.4,steep_slope_hazard
sample_0117,-87.0496,-144.6654,25.81,95264.78,95989.86,-107320.42,-26287.85,-1818450.87,0.0,-1835.3,4.1,0.77,shadowing_obscuration
sample_0118,-87.0562,-143.5137,26.84,96063.27,96217.94,-107320.42,-26287.85,-1818450.87,0.0,-1946.4,22.2,1.0,steep_slope_hazard
sample_0119,-87.0565,-145.4683,25.12,94666.06,96274.92,-106677.61,-25773.94,-1818490.34,0.0,-1819.3,8.1,0.31,shadowing_obscuration
sample_0120,-87.0639,-144.339,26.13,95447.21,94332.7,-106677.61,-25773.94,-1818490.34,0.0,-1882.9,5.0,1.35,shadowing_obscuration
sample_0121,-87.0702,-143.1809,27.16,96252.77,94561.06,-106677.61,-25773.94,-1818490.34,0.0,-1834.7,22.4,1.24,steep_slope_hazard
sample_0122,-87.0711,-145.1291,25.44,94903.65,94789.34,-106677.61,-25773.94,-1818490.34,0.0,-1818.7,24.0,0.86,steep_slope_hazard
sample_0123,-87.0781,-144.0398,26.42,95631.09,94846.23,-106677.61,-25773.94,-1818490.34,0.0,-1922.8,21.8,1.46,steep_slope_hazard
sample_0124,-87.0841,-142.88,27.43,96442.18,95131.77,-106034.77,-25260.02,-1818529.43,0.0,-1960.2,20.6,0.74,steep_slope_hazard
sample_0125,-87.0851,-144.9585,25.59,95081.52,95360.1,-106034.77,-25260.02,-1818529.43,0.0,-1939.0,17.1,1.48,steep_slope_hazard
sample_0126,-87.0924,-143.6512,26.78,95877.85,95588.41,-106034.77,-25260.02,-1818529.43,0.0,-1903.1,14.7,1.07,shadowing_obscuration
sample_0127,-87.0925,-145.6233,25.04,94548.41,95816.96,-106034.77,-25260.02,-1818529.43,0.0,-1832.8,4.0,1.03,shadowing_obscuration
sample_0128,-87.0999,-144.5331,26.02,95265.01,95874.1,-106034.77,-25260.02,-1818529.43,0.0,-1825.1,11.4,0.42,shadowing_obscuration
sample_0129,-87.1063,-143.3873,27.02,96064.41,96159.51,-105391.92,-24746.11,-1818568.16,0.0,-1978.7,10.6,1.35,shadowing_obscuration
sample_0130,-87.107,-145.331,25.33,94725.44,96387.86,-105391.92,-24746.11,-1818568.16,0.0,-1888.1,8.0,0.76,shadowing_obscuration
sample_0131,-87.1143,-144.1495,26.37,95508.26,94445.78,-105391.92,-24746.11,-1818568.16,0.0,-1904.9,18.6,0.41,steep_slope_hazard
sample_0132,-87.1204,-143.0096,27.35,96316.6,94674.29,-105391.92,-24746.11,-1818568.16,0.0,-1940.0,13.4,0.22,shadowing_obscuration
sample_0133,-87.1214,-145.031,25.62,94903.96,94731.15,-105391.92,-24746.11,-1818568.16,0.0,-1958.4,3.9,0.93,shadowing_obscuration
sample_0134,-87.1284,-143.8703,26.63,95692.87,94959.48,-104749.04,-24232.19,-1818606.52,0.0,-1919.2,7.1,0.89,shadowing_obscuration
sample_0135,-87.1342,-142.7258,27.61,96505.19,95244.89,-104749.04,-24232.19,-1818606.52,0.0,-1810.3,17.7,1.14,steep_slope_hazard
sample_0136,-87.136,-144.6591,25.96,95144.21,95473.28,-104749.04,-24232.19,-1818606.52,0.0,-1921.8,3.8,1.36,shadowing_obscuration
sample_0137,-87.1426,-143.5119,26.95,95940.29,95701.85,-104749.04,-24232.19,-1818606.52,0.0,-1886.6,21.6,0.3,steep_slope_hazard
sample_0138,-87.1427,-145.5497,25.2,94548.06,95758.92,-104749.04,-24232.19,-1818606.52,0.0,-1853.5,13.4,1.15,shadowing_obscuration
sample_0139,-87.1503,-144.3497,26.25,95325.92,95987.51,-104106.14,-23718.27,-1818644.52,0.0,-1914.5,13.1,0.44,shadowing_obscuration
sample_0140,-87.1565,-143.2444,27.19,96127.84,96273.42,-104106.14,-23718.27,-1818644.52,0.0,-1805.1,15.6,1.32,steep_slope_hazard
sample_0141,-87.1573,-145.2177,25.5,94786.39,94331.21,-104106.14,-23718.27,-1818644.52,0.0,-1806.8,21.0,1.26,steep_slope_hazard
sample_0142,-87.1644,-144.0823,26.5,95508.17,94388.2,-104106.14,-23718.27,-1818644.52,0.0,-1934.7,10.0,0.9,shadowing_obscuration
sample_0143,-87.1702,-143.0013,27.39,96315.51,94616.42,-104106.14,-23718.27,-1818644.52,0.0,-1890.5,17.6,1.12,steep_slope_hazard
sample_0144,-87.1716,-144.97,25.73,94963.82,94844.94,-103463.22,-23204.34,-1818682.14,0.0,-1925.8,15.0,0.61,steep_slope_hazard
sample_0145,-87.1785,-143.7649,26.77,95754.46,95073.02,-103463.22,-23204.34,-1818682.14,0.0,-1928.7,8.1,0.81,shadowing_obscuration
sample_0146,-87.1841,-142.6863,27.65,96568.43,95358.59,-103463.22,-23204.34,-1818682.14,0.0,-1973.4,22.2,1.27,steep_slope_hazard
sample_0147,-87.1858,-144.691,25.99,95143.19,95415.72,-103463.22,-23204.34,-1818682.14,0.0,-1870.3,20.3,0.8,steep_slope_hazard
sample_0148,-87.1924,-143.5391,26.96,95941.24,95644.26,-102820.27,-22690.42,-1818719.4,0.0,-1889.5,17.1,0.67,steep_slope_hazard
sample_0149,-87.1927,-145.5387,25.27,94607.25,95873.1,-102820.27,-22690.42,-1818719.4,0.0,-1970.7,21.6,0.84,steep_slope_hazard
sample_0150,-87.2003,-144.3237,26.32,95387.17,96101.55,-102820.27,-22690.42,-1818719.4,0.0,-1929.8,21.9,1.28,steep_slope_hazard
sample_0151,-87.2064,-143.1896,27.26,96189.56,96387.58,-102820.27,-22690.42,-1818719.4,0.0,-1816.5,18.3,0.64,steep_slope_hazard
sample_0152,-87.2071,-145.2776,25.51,94783.92,96444.79,-102820.27,-22690.42,-1818719.4,0.0,-1936.9,21.3,0.43,steep_slope_hazard
sample_0153,-87.2143,-144.08,26.53,95569.44,94502.06,-102177.3,-22176.49,-1818756.28,0.0,-1953.9,18.0,1.13,steep_slope_hazard
sample_0154,-87.2202,-142.9513,27.46,96378.38,94730.28,-102177.3,-22176.49,-1818756.28,0.0,-1891.9,17.6,1.27,steep_slope_hazard
sample_0155,-87.2217,-144.9055,25.85,95024.48,94958.6,-102177.3,-22176.49,-1818756.28,0.0,-1802.6,16.2,0.33,steep_slope_hazard
sample_0156,-87.2282,-143.84,26.74,95754.49,95015.64,-102177.3,-22176.49,-1818756.28,0.0,-1936.4,19.3,0.51,steep_slope_hazard
sample_0157,-87.2339,-142.717,27.65,96568.31,95244.03,-102177.3,-22176.49,-1818756.28,0.0,-1859.0,5.6,0.38,shadowing_obscuration
sample_0158,-87.236,-144.6212,26.11,95202.69,95529.82,-101534.31,-21662.55,-1818792.8,0.0,-1842.9,22.3,0.65,steep_slope_hazard
sample_0159,-87.2423,-143.4907,27.03,96001.48,95758.49,-101534.31,-21662.55,-1818792.8,0.0,-1937.2,22.1,0.79,steep_slope_hazard
sample_0160,-87.2428,-145.5196,25.35,94666.26,95987.17,-101534.31,-21662.55,-1818792.8,0.0,-1848.9,2.7,1.17,shadowing_obscuration
sample_0161,-87.2501,-144.3613,26.33,95387.31,96044.34,-101534.31,-21662.55,-1818792.8,0.0,-1913.8,21.0,1.05,steep_slope_hazard
sample_0162,-87.2562,-143.2514,27.23,96190.8,96273.02,-101534.31,-21662.55,-1818792.8,0.0,-1866.2,5.0,1.01,shadowing_obscuration
sample_0163,-87.2572,-145.2191,25.63,94844.13,94387.56,-100891.3,-21148.62,-1818828.95,0.0,-1866.0,9.7,0.66,shadowing_obscuration
sample_0164,-87.2644,-143.9991,26.65,95630.88,94615.78,-100891.3,-21148.62,-1818828.95,0.0,-1883.6,19.1,1.29,steep_slope_hazard
sample_0165,-87.2701,-142.9056,27.51,96441.65,94844.03,-100891.3,-21148.62,-1818828.95,0.0,-1963.7,5.7,0.81,shadowing_obscuration
sample_0166,-87.2716,-144.9221,25.9,95022.61,94900.94,-100891.3,-21148.62,-1818828.95,0.0,-1829.6,20.8,1.47,steep_slope_hazard
sample_0167,-87.2783,-143.7514,26.85,95815.74,95129.31,-100891.3,-21148.62,-1818828.95,0.0,-1922.3,21.1,1.02,steep_slope_hazard
sample_0168,-87.2784,-145.7728,25.2,94489.26,95357.97,-100248.26,-20634.68,-1818864.73,0.0,-1946.4,13.7,0.36,shadowing_obscuration
sample_0169,-87.2861,-144.5488,26.22,95266.0,95643.77,-100248.26,-20634.68,-1818864.73,0.0,-1972.7,2.1,1.08,shadowing_obscuration
sample_0170,-87.2922,-143.495,27.07,96001.32,95700.94,-100248.26,-20634.68,-1818864.73,0.0,-1873.6,8.6,0.62,shadowing_obscuration
sample_0171,-87.2929,-145.4764,25.47,94666.22,95929.51,-100248.26,-20634.68,-1818864.73,0.0,-1858.0,16.2,1.09,steep_slope_hazard
sample_0172,-87.3002,-144.2926,26.44,95445.45,96158.16,-100248.26,-20634.68,-1818864.73,0.0,-1977.0,24.6,0.29,steep_slope_hazard
sample_0173,-87.3062,-143.1449,27.35,96252.73,96386.82,-99605.21,-20120.74,-1818900.14,0.0,-1887.8,16.5,0.43,steep_slope_hazard
sample_0174,-87.3075,-145.1317,25.77,94904.73,94500.83,-99605.21,-20120.74,-1818900.14,0.0,-1939.2,8.0,1.31,shadowing_obscuration
sample_0175,-87.3142,-144.0333,26.66,95631.08,94557.9,-99605.21,-20120.74,-1818900.14,0.0,-1863.9,16.6,0.5,steep_slope_hazard
sample_0176,-87.32,-142.8732,27.57,96441.81,94786.34,-99605.21,-20120.74,-1818900.14,0.0,-1948.6,14.4,1.29,shadowing_obscuration
sample_0177,-87.3217,-144.8635,26.0,95083.63,95014.91,-99605.21,-20120.74,-1818900.14,0.0,-1855.6,19.9,0.56,steep_slope_hazard
sample_0178,-87.3283,-143.7011,26.93,95878.18,95243.51,-98962.13,-19606.79,-1818935.19,0.0,-1910.4,4.5,1.04,shadowing_obscuration
sample_0179,-87.3286,-145.712,25.33,94548.01,95471.99,-98962.13,-19606.79,-1818935.19,0.0,-1811.4,19.5,1.1,steep_slope_hazard
sample_0180,-87.3358,-144.6026,26.23,95265.3,95529.09,-98962.13,-19606.79,-1818935.19,0.0,-1955.2,14.4,0.87,shadowing_obscuration
sample_0181,-87.3422,-143.4372,27.15,96064.06,95815.04,-98962.13,-19606.79,-1818935.19,0.0,-1918.6,24.1,0.6,steep_slope_hazard
sample_0182,-87.3428,-145.491,25.52,94727.57,96043.59,-98962.13,-19606.79,-1818935.19,0.0,-1959.6,9.9,0.48,shadowing_obscuration
sample_0183,-87.3501,-144.2686,26.5,95508.25,96272.08,-98319.03,-19092.85,-1818969.86,0.0,-1813.6,16.6,0.24,steep_slope_hazard
sample_0184,-87.356,-143.1643,27.37,96251.64,96329.28,-98319.03,-19092.85,-1818969.86,0.0,-1822.1,23.4,0.6,steep_slope_hazard
sample_0185,-87.3572,-145.1944,25.78,94903.46,94386.54,-98319.03,-19092.85,-1818969.86,0.0,-1933.6,4.4,1.05,shadowing_obscuration
sample_0186,-87.3642,-143.9893,26.73,95692.22,94672.04,-98319.03,-19092.85,-1818969.86,0.0,-1861.2,23.6,1.42,steep_slope_hazard
sample_0187,-87.3699,-142.7833,27.67,96505.1,94900.37,-98319.03,-19092.85,-1818969.86,0.0,-1832.9,17.8,1.33,steep_slope_hazard
sample_0188,-87.3717,-144.8323,26.08,95146.19,95128.85,-97675.91,-18578.9,-1819004.17,0.0,-1880.1,3.6,1.2,shadowing_obscuration
sample_0189,-87.3781,-143.754,26.92,95884.27,95186.04,-97675.91,-18578.9,-1819004.17,0.0,-1884.7,8.9,1.22,shadowing_obscuration
sample_0190,-87.3782,-145.8263,25.3,94548.16,95414.74,-97675.91,-18578.9,-1819004.17,0.0,-1936.5,18.3,1.06,steep_slope_hazard
sample_0191,-87.3858,-144.5857,26.29,95326.08,95643.19,-97675.91,-18578.9,-1819004.17,0.0,-1963.2,3.5,0.54,shadowing_obscuration
sample_0192,-87.3922,-143.3651,27.23,96127.24,95928.92,-97032.77,-18064.95,-1819038.11,0.0,-1818.5,15.4,1.38,steep_slope_hazard
sample_0193,-87.393,-145.4255,25.64,94783.53,96157.65,-97032.77,-18064.95,-1819038.11,0.0,-1817.9,10.0,1.07,shadowing_obscuration
sample_0194,-87.3997,-144.3991,26.43,95513.24,96214.8,-97032.77,-18064.95,-1819038.11,0.0,-1866.0,16.3,0.93,steep_slope_hazard
sample_0195,-87.4059,-143.1185,27.42,96316.96,96443.45,-97032.77,-18064.95,-1819038.11,0.0,-1919.0,3.1,0.34,shadowing_obscuration
sample_0196,-87.4071,-145.2258,25.8,94964.83,94500.71,-97032.77,-18064.95,-1819038.11,0.0,-1917.1,22.0,0.78,steep_slope_hazard
sample_0197,-87.4141,-143.9812,26.77,95754.28,94786.45,-96389.61,-17551.0,-1819071.68,0.0,-1849.3,24.4,0.8,steep_slope_hazard
sample_0198,-87.4197,-142.8566,27.63,96505.16,94843.43,-96389.61,-17551.0,-1819071.68,0.0,-1818.5,24.3,1.32,steep_slope_hazard
sample_0199,-87.4213,-144.9477,26.04,95144.05,95071.84,-96389.61,-17551.0,-1819071.68,0.0,-1820.3,19.2,0.91,steep_slope_hazard
sample_0200,-87.428,-143.7055,26.99,95940.52,95300.21,-96389.61,-17551.0,-1819071.68,0.0,-1839.6,5.0,0.69,shadowing_obscuration
sample_0201,-87.4281,-145.8364,25.35,94606.88,95528.75,-96389.61,-17551.0,-1819071.68,0.0,-1864.4,19.4,1.47,steep_slope_hazard
sample_0202,-87.4358,-144.5692,26.34,95386.0,95757.35,-95746.42,-17037.04,-1819104.88,0.0,-1964.9,2.6,0.34,shadowing_obscuration
sample_0203,-87.4419,-143.4385,27.2,96127.97,95814.52,-95746.42,-17037.04,-1819104.88,0.0,-1950.9,2.5,0.75,shadowing_obscuration
sample_0204,-87.4425,-145.5771,25.57,94789.29,96100.42,-95746.42,-17037.04,-1819104.88,0.0,-1818.3,9.4,0.25,shadowing_obscuration
sample_0205,-87.4499,-144.2928,26.57,95569.14,96329.17,-95746.42,-17037.04,-1819104.88,0.0,-1870.8,13.2,1.16,shadowing_obscuration
sample_0206,-87.4558,-143.0886,27.47,96378.96,94386.44,-95746.42,-17037.04,-1819104.88,0.0,-1978.3,19.7,1.39,steep_slope_hazard
sample_0207,-87.4571,-145.1917,25.89,95024.23,94614.7,-95103.22,-16523.09,-1819137.71,0.0,-1961.7,17.7,0.56,steep_slope_hazard
sample_0208,-87.4639,-144.0137,26.79,95754.46,94671.8,-95103.22,-16523.09,-1819137.71,0.0,-1860.6,12.3,1.32,shadowing_obscuration
sample_0209,-87.4696,-142.819,27.67,96568.79,94957.28,-95103.22,-16523.09,-1819137.71,0.0,-1979.1,8.3,0.58,shadowing_obscuration
sample_0210,-87.4713,-144.9148,26.11,95209.82,95185.71,-95103.22,-16523.09,-1819137.71,0.0,-1951.1,24.9,1.38,steep_slope_hazard
sample_0211,-87.4779,-143.6751,27.05,96002.97,95414.16,-95103.22,-16523.09,-1819137.71,0.0,-1881.2,11.8,1.18,shadowing_obscuration
sample_0212,-87.4783,-145.7879,25.47,94665.99,95643.12,-94459.99,-16009.13,-1819170.17,0.0,-1855.5,12.4,1.25,shadowing_obscuration
sample_0213,-87.4855,-144.6473,26.33,95386.98,95700.45,-94459.99,-16009.13,-1819170.17,0.0,-1862.6,5.8,0.22,shadowing_obscuration
sample_0214,-87.4918,-143.4222,27.24,96190.71,95928.82,-94459.99,-16009.13,-1819170.17,0.0,-1939.6,20.3,1.45,steep_slope_hazard
sample_0215,-87.4927,-145.5012,25.7,94844.74,96214.75,-94459.99,-16009.13,-1819170.17,0.0,-1851.8,18.0,1.14,steep_slope_hazard
sample_0216,-87.4998,-144.2846,26.61,95630.66,96443.51,-94459.99,-16009.13,-1819170.17,0.0,-1937.3,7.1,0.6,shadowing_obscuration
sample_0217,-87.5056,-143.1704,27.42,96378.83,94328.86,-93816.74,-15495.17,-1819202.27,0.0,-1921.4,3.9,1.28,shadowing_obscuration
sample_0218,-87.5069,-145.2356,25.92,95024.43,94557.07,-93816.74,-15495.17,-1819202.27,0.0,-1845.6,17.7,0.57,steep_slope_hazard
sample_0219,-87.5137,-144.0216,26.81,95816.3,94785.58,-93816.74,-15495.17,-1819202.27,0.0,-1863.1,17.1,1.33,steep_slope_hazard
sample_0220,-87.5137,-146.1134,25.27,94489.32,95071.18,-93816.74,-15495.17,-1819202.27,0.0,-1827.1,8.3,0.35,shadowing_obscuration
sample_0221,-87.5214,-144.8611,26.21,95264.9,95299.87,-93816.74,-15495.17,-1819202.27,0.0,-1861.6,23.9,1.11,steep_slope_hazard
sample_0222,-87.5277,-143.768,27.0,96002.22,95357.1,-93173.48,-14981.21,-1819233.99,0.0,-1877.7,5.5,0.9,shadowing_obscuration
sample_0223,-87.5281,-145.8309,25.51,94666.02,95585.61,-93173.48,-14981.21,-1819233.99,0.0,-1963.1,11.9,0.33,shadowing_obscuration
sample_0224,-87.5355,-144.5992,26.42,95448.76,95814.28,-93173.48,-14981.21,-1819233.99,0.0,-1913.8,23.7,0.51,steep_slope_hazard
sample_0225,-87.5418,-143.3557,27.32,96252.52,96042.83,-93173.48,-14981.21,-1819233.99,0.0,-1932.3,11.7,0.22,shadowing_obscuration
sample_0226,-87.543,-145.4025,25.85,94904.99,96328.57,-93173.48,-14981.21,-1819233.99,0.0,-1936.1,16.7,0.81,steep_slope_hazard
sample_0227,-87.5499,-144.2043,26.74,95630.91,96385.51,-92530.19,-14467.25,-1819265.35,0.0,-1804.9,11.1,0.59,shadowing_obscuration
sample_0228,-87.5557,-142.9758,27.61,96441.81,94441.73,-92530.19,-14467.25,-1819265.35,0.0,-1909.2,8.3,0.98,shadowing_obscuration
sample_0229,-87.5576,-144.9969,26.19,95084.37,94670.0,-92530.19,-14467.25,-1819265.35,0.0,-1819.4,24.6,0.59,steep_slope_hazard
sample_0230,-87.5642,-143.7225,27.12,95877.96,94898.16,-92530.19,-14467.25,-1819265.35,0.0,-1866.4,11.4,0.59,shadowing_obscuration
sample_0231,-87.5642,-145.969,25.49,94489.29,94955.03,-92530.19,-14467.25,-1819265.35,0.0,-1836.9,22.6,1.17,steep_slope_hazard
sample_0232,-87.5721,-144.5922,26.52,95264.89,95183.34,-91886.88,-13953.29,-1819296.34,0.0,-1889.5,7.3,0.26,shadowing_obscuration
sample_0233,-87.5783,-143.3444,27.41,96065.61,95468.95,-91886.88,-13953.29,-1819296.34,0.0,-1876.2,6.9,1.37,shadowing_obscuration
sample_0234,-87.5794,-145.4425,25.93,94724.74,95697.36,-91886.88,-13953.29,-1819296.34,0.0,-1891.3,2.7,1.31,shadowing_obscuration
sample_0235,-87.5866,-144.1072,26.9,95507.46,95926.11,-91886.88,-13953.29,-1819296.34,0.0,-1944.9,17.0,1.07,steep_slope_hazard
sample_0236,-87.5921,-143.0062,27.67,96252.41,95983.17,-91886.88,-13953.29,-1819296.34,0.0,-1850.0,10.5,0.97,shadowing_obscuration
sample_0237,-87.5942,-144.9747,26.31,94902.6,96212.26,-91243.56,-13439.33,-1819326.96,0.0,-1929.5,21.9,1.36,steep_slope_hazard
sample_0238,-87.6008,-143.6792,27.24,95693.47,94325.41,-91243.56,-13439.33,-1819326.96,0.0,-1975.6,12.9,0.44,shadowing_obscuration
sample_0239,-87.606,-142.5895,27.97,96505.13,94553.07,-91243.56,-13439.33,-1819326.96,0.0,-1863.8,24.3,0.3,steep_slope_hazard
sample_0240,-87.6089,-144.4641,26.72,95142.26,94781.09,-91243.56,-13439.33,-1819326.96,0.0,-1948.1,6.3,0.51,shadowing_obscuration
sample_0241,-87.6148,-143.3473,27.49,95877.88,94838.03,-90600.21,-12925.36,-1819357.21,0.0,-1810.7,22.0,1.23,steep_slope_hazard
sample_0242,-87.6157,-145.5434,25.94,94548.06,95066.4,-90600.21,-12925.36,-1819357.21,0.0,-1808.3,19.9,0.25,steep_slope_hazard
sample_0243,-87.6231,-144.0924,27.01,95323.98,95294.93,-90600.21,-12925.36,-1819357.21,0.0,-1815.3,19.7,0.96,steep_slope_hazard
sample_0244,-87.6287,-142.9811,27.75,96126.18,95580.99,-90600.21,-12925.36,-1819357.21,0.0,-1913.4,21.4,1.49,steep_slope_hazard
sample_0245,-87.63,-145.2289,26.19,94725.65,95638.13,-90600.21,-12925.36,-1819357.21,0.0,-1977.2,19.5,1.31,steep_slope_hazard
sample_0246,-87.6372,-143.7628,27.26,95508.35,95867.05,-89956.84,-12411.4,-1819387.09,0.0,-1812.9,16.4,0.88,steep_slope_hazard
sample_0247,-87.6424,-142.6957,27.95,96314.48,96096.04,-89956.84,-12411.4,-1819387.09,0.0,-1902.9,5.0,0.28,shadowing_obscuration
sample_0248,-87.6443,-144.893,26.43,94965.49,96325.13,-89956.84,-12411.4,-1819387.09,0.0,-1806.0,2.7,1.28,shadowing_obscuration
sample_0249,-87.6511,-143.41,27.5,95754.28,94437.97,-89956.84,-12411.4,-1819387.09,0.0,-1806.5,23.2,0.98,steep_slope_hazard
sample_0250,-87.656,-142.4171,28.14,96505.24,94494.98,-89956.84,-12411.4,-1819387.09,0.0,-1826.5,16.2,0.35,steep_slope_hazard
sample_0251,-87.6591,-144.3508,26.87,95144.38,94723.32,-89313.45,-11897.43,-1819416.6,0.0,-1927.0,20.3,0.32,steep_slope_hazard
sample_0252,-87.6649,-143.1877,27.65,95939.6,94951.26,-89313.45,-11897.43,-1819416.6,0.0,-1910.7,13.1,1.38,shadowing_obscuration
sample_0253,-87.6664,-145.2921,26.22,94607.71,95179.83,-89313.45,-11897.43,-1819416.6,0.0,-1826.8,4.7,1.07,shadowing_obscuration
sample_0254,-87.6733,-143.9748,27.14,95386.18,95408.83,-89313.45,-11897.43,-1819416.6,0.0,-1923.0,4.9,1.28,shadowing_obscuration
sample_0255,-87.6785,-142.96,27.8,96127.44,95466.05,-89313.45,-11897.43,-1819416.6,0.0,-1949.5,17.8,1.34,steep_slope_hazard
sample_0256,-87.6809,-144.8778,26.55,94785.01,95752.4,-88670.05,-11383.46,-1819445.75,0.0,-1879.8,11.9,0.94,shadowing_obscuration
sample_0257,-87.6871,-143.7534,27.29,95569.6,95981.41,-88670.05,-11383.46,-1819445.75,0.0,-1811.5,6.6,0.87,shadowing_obscuration
sample_0258,-87.6922,-142.6924,27.96,96378.14,96210.66,-88670.05,-11383.46,-1819445.75,0.0,-1854.7,13.3,0.76,shadowing_obscuration
sample_0259,-87.695,-144.6296,26.73,94964.75,96268.07,-88670.05,-11383.46,-1819445.75,0.0,-1877.4,3.5,0.61,shadowing_obscuration
sample_0260,-87.7008,-143.5473,27.42,95754.57,94321.45,-88670.05,-11383.46,-1819445.75,0.0,-1962.5,15.4,0.76,steep_slope_hazard
sample_0261,-87.7058,-142.5014,28.07,96569.14,94607.48,-88026.62,-10869.5,-1819474.52,0.0,-1869.3,8.2,1.21,shadowing_obscuration
sample_0262,-87.709,-144.3376,26.92,95203.62,94836.5,-88026.62,-10869.5,-1819474.52,0.0,-1801.8,20.3,0.98,steep_slope_hazard
sample_0263,-87.7146,-143.252,27.61,96004.07,95065.59,-88026.62,-10869.5,-1819474.52,0.0,-1954.8,9.1,1.36,shadowing_obscuration
sample_0264,-87.7165,-145.2215,26.36,94606.55,95122.83,-88026.62,-10869.5,-1819474.52,0.0,-1886.7,12.5,0.78,shadowing_obscuration
sample_0265,-87.7228,-144.1315,27.06,95386.25,95351.95,-88026.62,-10869.5,-1819474.52,0.0,-1822.1,2.3,0.99,shadowing_obscuration
sample_0266,-87.7284,-142.9539,27.81,96191.45,95580.95,-87383.18,-10355.53,-1819502.93,0.0,-1846.7,3.7,1.02,shadowing_obscuration
sample_0267,-87.7308,-144.9052,26.58,94843.31,95867.01,-87383.18,-10355.53,-1819502.93,0.0,-1854.5,11.0,0.97,shadowing_obscuration
sample_0268,-87.7368,-143.8087,27.27,95630.41,96095.64,-87383.18,-10355.53,-1819502.93,0.0,-1853.6,13.0,1.11,shadowing_obscuration
sample_0269,-87.7421,-142.6383,28.03,96378.22,96152.75,-87383.18,-10355.53,-1819502.93,0.0,-1915.3,15.8,0.51,steep_slope_hazard
sample_0270,-87.7448,-144.6578,26.75,95022.64,96381.39,-87383.18,-10355.53,-1819502.93,0.0,-1927.2,8.7,0.87,shadowing_obscuration
sample_0271,-87.7507,-143.5345,27.46,95816.19,94435.99,-86739.71,-9841.56,-1819530.97,0.0,-1834.3,18.0,0.34,steep_slope_hazard
sample_0272,-87.7523,-145.4858,26.22,94489.36,94722.04,-86739.71,-9841.56,-1819530.97,0.0,-1834.2,21.8,0.7,steep_slope_hazard
sample_0273,-87.7589,-144.3403,26.96,95263.84,94950.89,-86739.71,-9841.56,-1819530.97,0.0,-1823.9,19.9,0.83,steep_slope_hazard
sample_0274,-87.7646,-143.2064,27.68,96002.09,95008.1,-86739.71,-9841.56,-1819530.97,0.0,-1815.6,2.9,1.05,shadowing_obscuration
sample_0275,-87.7665,-145.2214,26.41,94667.0,95236.97,-86739.71,-9841.56,-1819530.97,0.0,-1888.0,13.1,1.44,shadowing_obscuration
sample_0276,-87.7729,-144.0552,27.15,95446.51,95465.79,-86096.23,-9327.59,-1819558.64,0.0,-1889.7,4.4,0.98,shadowing_obscuration
sample_0277,-87.7784,-142.7766,27.97,96252.36,95694.51,-86096.23,-9327.59,-1819558.64,0.0,-1836.3,7.6,1.17,shadowing_obscuration
sample_0278,-87.7806,-144.954,26.6,94846.22,95751.58,-86096.23,-9327.59,-1819558.64,0.0,-1863.0,24.7,0.86,steep_slope_hazard
sample_0279,-87.7868,-143.7451,27.37,95630.95,96037.44,-86096.23,-9327.59,-1819558.64,0.0,-1853.6,5.3,1.02,shadowing_obscuration
sample_0280,-87.7922,-142.3957,28.23,96442.0,96266.03,-86096.23,-9327.59,-1819558.64,0.0,-1836.8,13.5,0.29,shadowing_obscuration
sample_0281,-87.7949,-144.5779,26.86,95083.43,94321.37,-85452.73,-8813.62,-1819585.94,0.0,-1819.8,16.2,0.53,steep_slope_hazard
sample_0282,-87.8009,-143.3089,27.66,95878.55,94549.96,-85452.73,-8813.62,-1819585.94,0.0,-1919.2,18.2,0.67,steep_slope_hazard
sample_0283,-87.8021,-145.5523,26.24,94489.35,94607.11,-85452.73,-8813.62,-1819585.94,0.0,-1912.4,14.9,0.81,shadowing_obscuration
sample_0284,-87.8089,-144.2978,27.05,95266.12,94893.01,-85452.73,-8813.62,-1819585.94,0.0,-1963.1,2.2,0.26,shadowing_obscuration
sample_0285,-87.8148,-142.92,27.93,96064.4,95121.92,-85452.73,-8813.62,-1819585.94,0.0,-1875.9,9.5,0.38,shadowing_obscuration
sample_0286,-87.8166,-145.1774,26.5,94725.79,95350.74,-84809.2,-8299.65,-1819612.87,0.0,-1973.5,13.9,0.56,shadowing_obscuration
sample_0287,-87.823,-143.9208,27.29,95510.64,95579.21,-84809.2,-8299.65,-1819612.87,0.0,-1896.2,4.0,1.46,shadowing_obscuration
sample_0288,-87.8284,-142.6845,28.07,96253.56,95636.23,-84809.2,-8299.65,-1819612.87,0.0,-1882.3,10.1,0.63,shadowing_obscuration
sample_0289,-87.8307,-144.8727,26.71,94905.83,95865.19,-84809.2,-8299.65,-1819612.87,0.0,-1928.4,2.8,0.83,shadowing_obscuration
sample_0290,-87.837,-143.5574,27.55,95693.03,96151.7,-84165.66,-7785.69,-1819639.43,0.0,-1873.7,3.8,0.45,shadowing_obscuration
sample_0291,-87.842,-142.4307,28.2,96505.18,96380.86,-84165.66,-7785.69,-1819639.43,0.0,-1974.5,11.1,0.99,shadowing_obscuration
sample_0292,-87.8447,-144.6188,26.88,95085.89,96438.23,-84165.66,-7785.69,-1819639.43,0.0,-1973.3,5.1,0.56,shadowing_obscuration
sample_0293,-87.8508,-143.2687,27.73,95878.01,94492.88,-84165.66,-7785.69,-1819639.43,0.0,-1831.9,15.1,0.47,steep_slope_hazard
sample_0294,-87.8515,-145.756,26.14,94548.3,94721.5,-84165.66,-7785.69,-1819639.43,0.0,-1915.2,17.9,0.87,steep_slope_hazard
sample_0295,-87.8591,-144.1526,27.2,95325.91,95006.91,-83522.11,-7271.72,-1819665.62,0.0,-1957.1,20.4,0.21,steep_slope_hazard
sample_0296,-87.8646,-142.9596,27.91,96128.38,95235.4,-83522.11,-7271.72,-1819665.62,0.0,-1886.0,6.6,0.21,shadowing_obscuration
sample_0297,-87.8655,-145.5529,26.27,94725.75,95292.56,-83522.11,-7271.72,-1819665.62,0.0,-1841.4,5.9,0.48,shadowing_obscuration
sample_0298,-87.873,-143.8667,27.39,95507.85,95521.47,-83522.11,-7271.72,-1819665.62,0.0,-1941.2,4.4,0.25,shadowing_obscuration
sample_0299,-87.8783,-142.6303,28.12,96317.24,95750.47,-83522.11,-7271.72,-1819665.62,0.0,-1867.9,16.6,0.34,steep_slope_hazard
sample_0300,-87.88,-145.1494,26.54,94963.44,95979.32,-82878.53,-6757.75,-1819691.45,0.0,-1964.6,18.2,0.64,steep_slope_hazard
sample_0301,-87.8869,-143.5374,27.58,95754.3,96265.21,-82878.53,-6757.75,-1819691.45,0.0,-1970.7,2.7,1.24,shadowing_obscuration
sample_0302,-87.892,-142.2565,28.36,96505.24,96322.4,-82878.53,-6757.75,-1819691.45,0.0,-1884.4,23.5,0.94,steep_slope_hazard
sample_0303,-87.8939,-144.9505,26.66,95142.87,94382.6,-82878.53,-6757.75,-1819691.45,0.0,-1882.7,3.2,0.87,shadowing_obscuration
sample_0304,-87.9005,-143.3927,27.65,95940.28,94610.65,-82878.53,-6757.75,-1819691.45,0.0,-1865.3,14.4,0.58,shadowing_obscuration
sample_0305,-87.8986,-146.6403,25.51,94607.28,94838.73,-82234.93,-6243.78,-1819716.91,0.0,-1849.3,18.3,1.41,steep_slope_hazard
sample_0306,-87.9076,-144.8047,26.74,95326.3,94896.09,-82234.93,-6243.78,-1819716.91,0.0,-1804.3,22.0,0.72,steep_slope_hazard
sample_0307,-87.914,-143.3125,27.66,96127.84,95181.3,-82234.93,-6243.78,-1819716.91,0.0,-1887.1,18.4,0.31,steep_slope_hazard
sample_0308,-87.9126,-146.4972,25.6,94784.94,95409.97,-82234.93,-6243.78,-1819716.91,0.0,-1921.9,20.4,1.0,steep_slope_hazard
sample_0309,-87.9215,-144.5751,26.86,95570.07,95638.92,-82234.93,-6243.78,-1819716.91,0.0,-1836.9,9.8,0.35,shadowing_obscuration
sample_0310,-87.9276,-143.153,27.72,96377.93,95867.92,-81591.32,-5729.81,-1819741.99,0.0,-1931.3,20.7,0.65,steep_slope_hazard
sample_0311,-87.9265,-146.3615,25.67,94965.7,95925.6,-81591.32,-5729.81,-1819741.99,0.0,-1901.0,3.8,0.86,shadowing_obscuration
sample_0312,-87.935,-144.5217,26.86,95754.38,96154.76,-81591.32,-5729.81,-1819741.99,0.0,-1965.9,22.6,1.34,steep_slope_hazard
sample_0313,-87.941,-143.102,27.71,96569.0,96441.1,-81591.32,-5729.81,-1819741.99,0.0,-1975.4,14.6,0.84,shadowing_obscuration
sample_0314,-87.9408,-146.056,25.86,95202.51,94501.43,-81591.32,-5729.81,-1819741.99,0.0,-1806.7,20.8,1.11,steep_slope_hazard
sample_0315,-87.9488,-144.3529,26.93,96002.94,94729.78,-80947.69,-5215.85,-1819766.71,0.0,-1829.5,12.4,1.49,shadowing_obscuration
sample_0316,-87.9445,-147.7613,24.75,94607.19,94787.14,-80947.69,-5215.85,-1819766.71,0.0,-1854.7,16.8,0.37,steep_slope_hazard
sample_0317,-87.9548,-145.8795,25.97,95384.91,95015.26,-80947.69,-5215.85,-1819766.71,0.0,-1906.4,14.1,0.56,shadowing_obscuration
sample_0318,-87.9622,-144.3115,26.92,96189.16,95300.43,-80947.69,-5215.85,-1819766.71,0.0,-1948.8,18.8,0.71,steep_slope_hazard
sample_0319,-87.9591,-147.4806,24.93,94844.28,95529.02,-80947.69,-5215.85,-1819766.71,0.0,-1951.8,3.9,0.75,shadowing_obscuration
sample_0320,-87.9687,-145.7042,26.07,95569.23,95586.43,-80304.04,-4701.88,-1819791.06,0.0,-1935.0,3.4,0.73,shadowing_obscuration
sample_0321,-87.9757,-144.2594,26.92,96380.21,95815.44,-80304.04,-4701.88,-1819791.06,0.0,-1881.1,7.7,1.38,shadowing_obscuration
sample_0322,-87.9733,-147.2831,25.05,95022.6,96044.64,-80304.04,-4701.88,-1819791.06,0.0,-1851.4,5.7,1.13,shadowing_obscuration
sample_0323,-87.9827,-145.4658,26.2,95817.05,96273.8,-80304.04,-4701.88,-1819791.06,0.0,-1861.2,22.1,0.99,steep_slope_hazard
sample_0324,-87.9776,-148.5992,24.24,94489.44,94390.16,-80304.04,-4701.88,-1819791.06,0.0,-1929.6,7.0,0.6,shadowing_obscuration
sample_0325,-87.9876,-147.0351,25.22,95204.41,94447.44,-79660.37,-4187.92,-1819815.04,0.0,-1808.1,24.4,1.27,steep_slope_hazard
sample_0326,-87.9964,-145.3723,26.23,96001.29,94676.1,-79660.37,-4187.92,-1819815.04,0.0,-1847.2,9.7,1.44,shadowing_obscuration
sample_0327,-87.9918,-148.4274,24.35,94666.79,94904.26,-79660.37,-4187.92,-1819815.04,0.0,-1880.2,6.2,1.27,shadowing_obscuration
sample_0328,-88.0025,-146.6283,25.48,95449.2,95132.53,-79660.37,-4187.92,-1819815.04,0.0,-1869.9,20.2,0.2,steep_slope_hazard
sample_0329,-88.0103,-145.16,26.33,96252.17,95417.99,-79660.37,-4187.92,-1819815.04,0.0,-1904.5,17.2,1.03,steep_slope_hazard
sample_0330,-88.0061,-148.2401,24.48,94845.03,95475.3,-79016.69,-3673.95,-1819838.65,0.0,-1935.4,13.5,0.27,shadowing_obscuration
sample_0331,-88.0166,-146.4246,25.6,95631.07,95704.13,-79016.69,-3673.95,-1819838.65,0.0,-1915.9,14.8,0.53,shadowing_obscuration
sample_0332,-88.0241,-145.0076,26.41,96441.47,95933.11,-79016.69,-3673.95,-1819838.65,0.0,-1843.6,18.5,0.28,steep_slope_hazard
sample_0333,-88.0211,-147.8737,24.71,95084.65,96162.06,-79016.69,-3673.95,-1819838.65,0.0,-1977.4,7.3,0.98,shadowing_obscuration
sample_0334,-88.0309,-146.1275,25.77,95878.64,96391.15,-78372.98,-3159.99,-1819861.9,0.0,-1959.1,24.9,1.09,steep_slope_hazard
sample_0335,-88.0243,-149.3535,23.82,94489.39,96448.58,-78372.98,-3159.99,-1819861.9,0.0,-1971.7,24.4,0.35,steep_slope_hazard
sample_0336,-88.0355,-147.6383,24.87,95262.81,94564.05,-78372.98,-3159.99,-1819861.9,0.0,-1972.7,17.0,0.7,steep_slope_hazard
sample_0337,-88.0449,-145.9183,25.89,96064.66,94792.44,-78372.98,-3159.99,-1819861.9,0.0,-1826.0,6.6,0.79,shadowing_obscuration
sample_0338,-88.0395,-148.9979,24.05,94725.37,95020.92,-78372.98,-3159.99,-1819861.9,0.0,-1853.3,17.6,0.68,steep_slope_hazard
sample_0339,-88.0497,-147.447,24.98,95446.56,95078.12,-77729.27,-2646.03,-1819884.77,0.0,-1894.6,3.7,0.36,shadowing_obscuration
sample_0340,-88.0589,-145.6877,26.02,96253.03,95306.42,-77729.27,-2646.03,-1819884.77,0.0,-1962.4,2.7,0.74,shadowing_obscuration
sample_0341,-88.0541,-148.7596,24.21,94903.99,95591.68,-77729.27,-2646.03,-1819884.77,0.0,-1891.5,7.9,1.18,shadowing_obscuration
sample_0342,-88.0649,-146.9433,25.31,95693.12,95820.27,-77729.27,-2646.03,-1819884.77,0.0,-1894.8,12.6,0.29,shadowing_obscuration
sample_0343,-88.0735,-145.2266,26.3,96505.33,96049.01,-77729.27,-2646.03,-1819884.77,0.0,-1948.8,22.0,0.3,steep_slope_hazard
sample_0344,-88.0687,-148.4917,24.39,95083.55,96105.95,-77085.53,-2132.06,-1819907.27,0.0,-1901.9,18.7,0.66,steep_slope_hazard
sample_0345,-88.0793,-146.6552,25.48,95878.51,96334.21,-77085.53,-2132.06,-1819907.27,0.0,-1908.3,19.1,1.42,steep_slope_hazard
sample_0346,-88.0727,-149.754,23.66,94548.15,94393.93,-77085.53,-2132.06,-1819907.27,0.0,-1869.1,11.8,1.07,shadowing_obscuration
sample_0347,-88.0842,-148.0042,24.71,95325.19,94679.31,-77085.53,-2132.06,-1819907.27,0.0,-1865.7,10.0,1.08,shadowing_obscuration
sample_0348,-88.0944,-146.0956,25.83,96127.39,94907.56,-77085.53,-2132.06,-1819907.27,0.0,-1971.8,10.5,0.67,shadowing_obscuration
sample_0349,-88.0876,-149.4689,23.86,94725.35,94964.61,-76441.77,-1618.11,-1819929.41,0.0,-1912.6,24.7,0.97,steep_slope_hazard
sample_0350,-88.0991,-147.649,24.94,95509.75,95192.82,-76441.77,-1618.11,-1819929.41,0.0,-1867.3,2.9,0.21,shadowing_obscuration
sample_0351,-88.1089,-145.7088,26.07,96315.18,95421.15,-76441.77,-1618.11,-1819929.41,0.0,-1889.4,21.9,1.03,steep_slope_hazard
sample_0352,-88.1035,-148.9613,24.19,94962.83,95706.13,-76441.77,-1618.11,-1819929.41,0.0,-1825.8,15.3,1.39,steep_slope_hazard
sample_0353,-88.1142,-147.1812,25.24,95692.79,95706.15,-76441.77,-1618.11,-1819929.41,0.0,-1861.4,12.1,1.0,shadowing_obscuration
sample_0354,-88.1233,-145.3103,26.31,96505.22,95991.66,-75798.0,-1104.15,-1819951.18,0.0,-1950.7,18.7,1.34,steep_slope_hazard
sample_0355,-88.1186,-148.5836,24.44,95143.35,96219.86,-75798.0,-1104.15,-1819951.18,0.0,-1967.3,13.2,1.14,shadowing_obscuration
sample_0356,-88.1294,-146.6271,25.58,95939.43,96448.39,-75798.0,-1104.15,-1819951.18,0.0,-1864.4,22.1,0.36,steep_slope_hazard
sample_0357,-88.1224,-149.8928,23.7,94606.99,94507.99,-75798.0,-1104.15,-1819951.18,0.0,-1975.2,22.7,1.37,steep_slope_hazard
sample_0358,-88.1338,-148.1614,24.72,95326.53,94564.94,-75798.0,-1104.15,-1819951.18,0.0,-1874.6,11.7,0.29,shadowing_obscuration
sample_0359,-88.144,-146.2444,25.82,96127.28,94850.08,-75154.22,-590.19,-1819972.57,0.0,-1810.8,8.4,0.89,shadowing_obscuration
sample_0360,-88.1379,-149.4819,23.98,94785.5,95078.39,-75154.22,-590.19,-1819972.57,0.0,-1876.4,15.6,0.38,steep_slope_hazard
sample_0361,-88.1494,-147.5887,25.08,95569.62,95306.5,-75154.22,-590.19,-1819972.57,0.0,-1910.1,23.0,0.22,steep_slope_hazard
sample_0362,-88.159,-145.658,26.17,96378.0,95534.8,-75154.22,-590.19,-1819972.57,0.0,-1864.2,6.8,0.75,shadowing_obscuration
sample_0363,-88.1532,-149.098,24.24,94964.28,95591.88,-75154.22,-590.19,-1819972.57,0.0,-1897.5,16.3,0.58,steep_slope_hazard
sample_0364,-88.1642,-147.2006,25.32,95754.55,95820.14,-74510.41,-76.23,-1819993.6,0.0,-1881.8,16.5,0.83,steep_slope_hazard
sample_0365,-88.1734,-145.2361,26.42,96568.4,96105.41,-74510.41,-76.23,-1819993.6,0.0,-1810.5,18.9,0.95,steep_slope_hazard
sample_0366,-88.169,-148.5467,24.58,95204.51,96333.7,-74510.41,-76.23,-1819993.6,0.0,-1910.5,5.0,0.26,shadowing_obscuration
sample_0367,-88.179,-146.7969,25.56,95940.8,96390.72,-74510.41,-76.23,-1819993.6,0.0,-1807.0,18.5,0.36,steep_slope_hazard
sample_0368,-88.1718,-150.0983,23.72,94607.09,94450.73,-74510.41,-76.23,-1819993.6,0.0,-1817.0,22.9,0.93,steep_slope_hazard
sample_0369,-88.1841,-148.1511,24.83,95386.58,94678.86,-73866.59,437.72,-1820014.26,0.0,-1944.8,6.1,0.65,shadowing_obscuration
sample_0370,-88.1941,-146.2054,25.91,96189.27,94963.99,-73866.59,437.72,-1820014.26,0.0,-1967.5,7.5,1.15,shadowing_obscuration
sample_0371,-88.1879,-149.561,24.06,94844.93,95192.14,-73866.59,437.72,-1820014.26,0.0,-1961.9,24.3,1.05,steep_slope_hazard
sample_0372,-88.199,-147.7446,25.09,95569.76,95249.2,-73866.59,437.72,-1820014.26,0.0,-1976.7,6.2,1.3,shadowing_obscuration
sample_0373,-88.2087,-145.7602,26.18,96378.22,95477.37,-73866.59,437.72,-1820014.26,0.0,-1963.0,21.7,1.1,steep_slope_hazard
sample_0374,-88.2033,-149.1345,24.34,95023.54,95705.67,-73222.75,951.67,-1820034.55,0.0,-1857.1,13.3,0.76,shadowing_obscuration
sample_0375,-88.2145,-147.1559,25.44,95816.1,95934.13,-73222.75,951.67,-1820034.55,0.0,-1967.2,7.7,1.07,shadowing_obscuration
sample_0376,-88.2065,-150.537,23.58,94489.33,96219.19,-73222.75,951.67,-1820034.55,0.0,-1922.6,22.0,0.56,steep_slope_hazard
sample_0377,-88.2185,-148.7438,24.58,95204.72,96276.3,-73222.75,951.67,-1820034.55,0.0,-1827.9,12.2,0.6,shadowing_obscuration
sample_0378,-88.2291,-146.7773,25.66,96001.27,94336.4,-73222.75,951.67,-1820034.55,0.0,-1975.8,13.8,1.23,shadowing_obscuration
sample_0379,-88.222,-150.1367,23.84,94665.53,94564.39,-72578.9,1465.62,-1820054.48,0.0,-1833.4,10.3,0.78,shadowing_obscuration
sample_0380,-88.2341,-148.1937,24.91,95447.7,94792.57,-72578.9,1465.62,-1820054.48,0.0,-1929.3,15.6,1.24,steep_slope_hazard
sample_0381,-88.2438,-146.3258,25.92,96189.24,94849.64,-72578.9,1465.62,-1820054.48,0.0,-1958.7,5.8,1.27,shadowing_obscuration
sample_0382,-88.2374,-149.7437,24.09,94844.51,95134.76,-72578.9,1465.62,-1820054.48,0.0,-1854.6,11.0,1.31,shadowing_obscuration
sample_0383,-88.2492,-147.7552,25.18,95632.94,95362.99,-71935.03,1979.57,-1820074.03,0.0,-1866.8,24.3,1.39,steep_slope_hazard
sample_0384,-88.2588,-145.7098,26.27,96441.74,95591.12,-71935.03,1979.57,-1820074.03,0.0,-1822.1,7.9,0.76,shadowing_obscuration
sample_0385,-88.2534,-149.1796,24.43,95083.81,95819.43,-71935.03,1979.57,-1820074.03,0.0,-1847.7,17.1,0.61,steep_slope_hazard
sample_0386,-88.2641,-147.3051,25.45,95816.33,95876.49,-71935.03,1979.57,-1820074.03,0.0,-1835.4,9.5,0.96,shadowing_obscuration
sample_0387,-88.256,-150.7276,23.62,94489.33,96104.82,-71935.03,1979.57,-1820074.03,0.0,-1929.2,19.8,0.68,steep_slope_hazard
sample_0388,-88.2687,-148.7481,24.7,95264.9,96390.22,-71291.14,2493.51,-1820093.21,0.0,-1948.1,5.0,0.98,shadowing_obscuration
sample_0389,-88.2794,-146.6947,25.79,96064.36,94449.88,-71291.14,2493.51,-1820093.21,0.0,-1844.9,24.3,1.12,steep_slope_hazard
sample_0390,-88.2723,-150.1689,23.96,94725.62,94677.98,-71291.14,2493.51,-1820093.21,0.0,-1834.8,12.4,1.09,shadowing_obscuration
sample_0391,-88.2839,-148.3087,24.96,95447.4,94734.99,-71291.14,2493.51,-1820093.21,0.0,-1801.7,7.4,0.69,shadowing_obscuration
sample_0392,-88.294,-146.2623,26.04,96251.09,94963.16,-71291.14,2493.51,-1820093.21,0.0,-1905.7,3.7,0.42,shadowing_obscuration
sample_0393,-88.2877,-149.7597,24.22,94905.93,95248.36,-70647.24,3007.46,-1820112.03,0.0,-1913.0,5.9,0.76,shadowing_obscuration
sample_0394,-88.2995,-147.699,25.31,95692.69,95476.61,-70647.24,3007.46,-1820112.03,0.0,-1840.2,14.0,0.39,shadowing_obscuration
sample_0395,-88.3086,-145.8245,26.28,96441.63,95533.63,-70647.24,3007.46,-1820112.03,0.0,-1918.7,9.8,1.36,shadowing_obscuration
sample_0396,-88.3033,-149.2825,24.51,95084.34,95761.92,-70647.24,3007.46,-1820112.03,0.0,-1812.5,21.1,0.65,steep_slope_hazard
sample_0397,-88.3144,-147.2646,25.56,95878.66,95990.25,-70647.24,3007.46,-1820112.03,0.0,-1825.5,11.9,0.4,shadowing_obscuration
sample_0398,-88.3065,-150.7473,23.77,94548.11,96218.81,-70003.32,3521.4,-1820130.47,0.0,-1902.8,7.7,0.23,shadowing_obscuration
sample_0399,-88.3193,-148.6561,24.88,95325.33,94335.2,-70003.32,3521.4,-1820130.47,0.0,-1844.8,16.2,1.04,steep_slope_hazard
sample_0400,-88.3292,-146.8061,25.82,96065.24,94392.08,-70003.32,3521.4,-1820130.47,0.0,-1844.2,18.3,1.03,steep_slope_hazard
sample_0401,-88.3224,-150.2427,24.08,94725.55,94619.98,-70003.32,3521.4,-1820130.47,0.0,-1961.4,5.8,0.64,shadowing_obscuration
sample_0402,-88.3344,-148.2175,25.13,95507.67,94848.01,-70003.32,3521.4,-1820130.47,0.0,-1817.5,5.9,0.29,shadowing_obscuration
sample_0403,-88.3442,-146.195,26.15,96315.73,95076.21,-69359.39,4035.34,-1820148.55,0.0,-1889.1,2.8,0.73,shadowing_obscuration
sample_0404,-88.3389,-149.5748,24.47,94962.46,95361.81,-69359.39,4035.34,-1820148.55,0.0,-1831.2,18.9,0.6,steep_slope_hazard
sample_0405,-88.3493,-147.7996,25.37,95692.77,95418.89,-69359.39,4035.34,-1820148.55,0.0,-1922.4,17.3,1.08,steep_slope_hazard
sample_0406,-88.3588,-145.7334,26.4,96505.19,95647.34,-69359.39,4035.34,-1820148.55,0.0,-1818.8,12.9,0.99,shadowing_obscuration
sample_0407,-88.3542,-149.1599,24.72,95144.37,95875.7,-69359.39,4035.34,-1820148.55,0.0,-1909.9,21.4,0.67,steep_slope_hazard
sample_0408,-88.3646,-147.2238,25.68,95939.91,96104.06,-68715.44,4549.27,-1820166.26,0.0,-1978.0,20.5,0.48,steep_slope_hazard
sample_0409,-88.3575,-150.6389,23.99,94606.96,96332.45,-68715.44,4549.27,-1820166.26,0.0,-1817.0,15.5,1.48,steep_slope_hazard
sample_0410,-88.369,-148.8076,24.92,95325.92,96389.63,-68715.44,4549.27,-1820166.26,0.0,-1963.6,22.0,0.79,steep_slope_hazard
sample_0411,-88.3793,-146.7769,25.92,96127.06,94505.39,-68715.44,4549.27,-1820166.26,0.0,-1922.5,6.7,1.09,shadowing_obscuration
sample_0412,-88.3727,-150.2984,24.19,94784.61,94733.71,-68715.44,4549.27,-1820166.26,0.0,-1809.0,4.6,0.38,shadowing_obscuration
sample_0413,-88.3845,-148.2526,25.22,95569.07,94962.06,-68071.47,5063.21,-1820183.6,0.0,-1808.9,8.2,0.83,shadowing_obscuration
sample_0414,-88.3939,-146.3321,26.16,96315.13,95019.12,-68071.47,5063.21,-1820183.6,0.0,-1876.8,3.3,0.24,shadowing_obscuration
sample_0415,-88.3878,-149.9349,24.41,94963.52,95247.43,-68071.47,5063.21,-1820183.6,0.0,-1866.3,14.2,0.86,shadowing_obscuration
sample_0416,-88.3994,-147.8488,25.44,95754.53,95532.95,-68071.47,5063.21,-1820183.6,0.0,-1899.3,23.5,1.45,steep_slope_hazard
sample_0417,-88.4087,-145.7453,26.45,96570.08,95761.3,-68071.47,5063.21,-1820183.6,0.0,-1927.2,2.9,0.7,shadowing_obscuration
sample_0418,-88.4036,-149.3796,24.71,95204.71,95989.7,-67427.49,5577.14,-1820200.57,0.0,-1920.8,4.8,0.25,shadowing_obscuration
sample_0419,-88.4142,-147.4186,25.67,95941.32,96046.74,-67427.49,5577.14,-1820200.57,0.0,-1858.9,12.4,0.24,shadowing_obscuration
sample_0420,-88.4057,-151.141,23.86,94607.36,96275.22,-67427.49,5577.14,-1820200.57,0.0,-1844.6,23.5,0.7,steep_slope_hazard
sample_0421,-88.4187,-148.9744,24.94,95385.4,94334.86,-67427.49,5577.14,-1820200.57,0.0,-1837.5,9.3,0.41,shadowing_obscuration
sample_0422,-88.4293,-146.8046,25.99,96190.38,94619.99,-67427.49,5577.14,-1820200.57,0.0,-1837.9,13.7,0.23,shadowing_obscuration
sample_0423,-88.422,-150.5565,24.19,94844.48,94848.14,-66783.5,6091.06,-1820217.17,0.0,-1963.6,3.0,1.18,shadowing_obscuration
sample_0424,-88.4339,-148.5111,25.2,95570.45,94905.2,-66783.5,6091.06,-1820217.17,0.0,-1891.0,5.4,0.8,shadowing_obscuration
sample_0425,-88.444,-146.3229,26.23,96378.9,95133.44,-66783.5,6091.06,-1820217.17,0.0,-1969.6,24.7,0.58,steep_slope_hazard
sample_0426,-88.4373,-150.1462,24.43,95024.37,95361.58,-66783.5,6091.06,-1820217.17,0.0,-1881.1,24.2,1.37,steep_slope_hazard
sample_0427,-88.4493,-147.9136,25.5,95816.62,95647.02,-66783.5,6091.06,-1820217.17,0.0,-1900.5,2.1,0.35,shadowing_obscuration
sample_0428,-88.4586,-145.8255,26.49,96568.46,95704.05,-66139.49,6604.99,-1820233.4,0.0,-1820.2,23.9,1.44,steep_slope_hazard
sample_0429,-88.4528,-149.684,24.69,95202.0,95932.34,-66139.49,6604.99,-1820233.4,0.0,-1916.8,16.7,0.61,steep_slope_hazard
sample_0430,-88.4642,-147.4317,25.76,96001.07,96160.6,-66139.49,6604.99,-1820233.4,0.0,-1958.9,22.0,1.35,steep_slope_hazard
sample_0431,-88.4555,-151.3109,23.93,94666.08,96388.83,-66139.49,6604.99,-1820233.4,0.0,-1954.3,12.5,0.98,shadowing_obscuration
sample_0432,-88.4688,-149.0366,25.03,95447.97,94448.74,-65495.46,7118.91,-1820249.26,0.0,-1842.9,13.9,1.27,shadowing_obscuration
sample_0433,-88.4791,-146.9356,26.01,96190.32,94505.8,-65495.46,7118.91,-1820249.26,0.0,-1868.7,13.2,1.48,shadowing_obscuration
sample_0434,-88.4712,-150.8493,24.19,94843.71,94790.86,-65495.46,7118.91,-1820249.26,0.0,-1961.8,17.3,0.57,steep_slope_hazard
sample_0435,-88.484,-148.5467,25.29,95631.13,95019.02,-65495.46,7118.91,-1820249.26,0.0,-1964.9,5.2,1.45,shadowing_obscuration
sample_0436,-88.4943,-146.2185,26.36,96441.01,95247.21,-65495.46,7118.91,-1820249.26,0.0,-1853.8,2.7,0.71,shadowing_obscuration
sample_0437,-88.4875,-150.2164,24.53,95083.83,95475.42,-64851.42,7632.83,-1820264.75,0.0,-1966.9,9.1,0.7,shadowing_obscuration
sample_0438,-88.499,-148.0668,25.54,95815.65,95532.41,-64851.42,7632.83,-1820264.75,0.0,-1832.1,18.2,0.64,steep_slope_hazard
sample_0439,-88.4889,-152.0537,23.69,94489.31,95818.38,-64851.42,7632.83,-1820264.75,0.0,-1852.9,6.6,0.9,shadowing_obscuration
sample_0440,-88.503,-149.7294,24.8,95265.05,96046.18,-64851.42,7632.83,-1820264.75,0.0,-1965.4,17.5,0.4,steep_slope_hazard
sample_0441,-88.5145,-147.4004,25.87,96065.92,96274.38,-64851.42,7632.83,-1820264.75,0.0,-1964.7,24.3,0.92,steep_slope_hazard
sample_0442,-88.5047,-151.6072,23.95,94666.88,96331.47,-64207.37,8146.74,-1820279.88,0.0,-1802.4,4.2,0.9,shadowing_obscuration
sample_0443,-88.5182,-149.2685,25.04,95446.99,94391.33,-64207.37,8146.74,-1820279.88,0.0,-1912.6,17.5,1.19,steep_slope_hazard
sample_0444,-88.5293,-146.8792,26.13,96254.1,94619.4,-64207.37,8146.74,-1820279.88,0.0,-1913.3,12.2,1.28,shadowing_obscuration
sample_0445,-88.5214,-150.9256,24.31,94903.81,94904.55,-64207.37,8146.74,-1820279.88,0.0,-1833.7,22.0,0.77,steep_slope_hazard
sample_0446,-88.5342,-148.5579,25.4,95692.4,95132.74,-64207.37,8146.74,-1820279.88,0.0,-1809.5,6.1,0.59,shadowing_obscuration
sample_0447,-88.5441,-146.3324,26.39,96441.35,95189.75,-63563.3,8660.66,-1820294.63,0.0,-1802.5,17.9,0.54,steep_slope_hazard
sample_0448,-88.537,-150.4445,24.57,95085.48,95417.91,-63563.3,8660.66,-1820294.63,0.0,-1844.4,21.3,0.45,steep_slope_hazard
sample_0449,-88.5493,-148.0509,25.65,95877.83,95646.07,-63563.3,8660.66,-1820294.63,0.0,-1912.3,23.7,0.27,steep_slope_hazard
sample_0450,-88.5393,-152.1152,23.84,94548.0,95931.61,-63563.3,8660.66,-1820294.63,0.0,-1965.0,17.7,0.65,steep_slope_hazard
sample_0451,-88.5533,-149.754,24.92,95326.71,96159.83,-63563.3,8660.66,-1820294.63,0.0,-1840.1,13.4,0.55,shadowing_obscuration
sample_0452,-88.5643,-147.5221,25.91,96064.99,96216.95,-62919.22,9174.56,-1820309.02,0.0,-1879.5,16.2,1.46,steep_slope_hazard
sample_0453,-88.5552,-151.642,24.1,94725.18,96445.21,-62919.22,9174.56,-1820309.02,0.0,-1903.6,22.0,0.93,steep_slope_hazard
sample_0454,-88.5686,-149.2542,25.18,95509.34,94504.75,-62919.22,9174.56,-1820309.02,0.0,-1816.9,15.1,0.65,steep_slope_hazard
sample_0455,-88.5795,-146.8213,26.24,96316.47,94732.78,-62919.22,9174.56,-1820309.02,0.0,-1960.0,2.7,0.95,shadowing_obscuration
sample_0456,-88.5712,-151.1105,24.39,94903.11,94789.75,-62919.22,9174.56,-1820309.02,0.0,-1891.3,23.4,0.38,steep_slope_hazard
sample_0457,-88.584,-148.6885,25.46,95693.05,95075.03,-62275.12,9688.47,-1820323.04,0.0,-1978.0,17.9,0.78,steep_slope_hazard
sample_0458,-88.5944,-146.2132,26.53,96505.24,95303.41,-62275.12,9688.47,-1820323.04,0.0,-1895.6,17.6,1.01,steep_slope_hazard
sample_0459,-88.5876,-150.4254,24.73,95144.08,95531.36,-62275.12,9688.47,-1820323.04,0.0,-1969.9,7.0,0.84,shadowing_obscuration
sample_0460,-88.5998,-147.9259,25.82,95939.4,95759.54,-62275.12,9688.47,-1820323.04,0.0,-1958.6,17.2,0.72,steep_slope_hazard
sample_0461,-88.5892,-152.3057,23.94,94547.98,95816.56,-62275.12,9688.47,-1820323.04,0.0,-1958.8,11.1,1.49,shadowing_obscuration
sample_0462,-88.6032,-149.8927,25.0,95328.36,96044.68,-61631.01,10202.37,-1820336.69,0.0,-1863.1,17.0,1.34,steep_slope_hazard
sample_0463,-88.615,-147.3012,26.12,96127.8,96329.92,-61631.01,10202.37,-1820336.69,0.0,-1845.7,4.5,1.01,shadowing_obscuration
sample_0464,-88.6066,-151.4871,24.36,94784.17,94389.34,-61631.01,10202.37,-1820336.69,0.0,-1875.0,17.1,0.94,steep_slope_hazard
sample_0465,-88.6199,-148.9857,25.44,95569.67,94617.37,-61631.01,10202.37,-1820336.69,0.0,-1806.8,25.0,1.01,steep_slope_hazard
sample_0466,-88.6302,-146.5697,26.47,96315.58,94674.18,-61631.01,10202.37,-1820336.69,0.0,-1912.5,3.1,0.46,shadowing_obscuration
sample_0467,-88.6229,-150.8311,24.7,94962.87,94902.26,-60986.88,10716.27,-1820349.96,0.0,-1928.6,24.5,0.71,steep_slope_hazard
sample_0468,-88.6357,-148.225,25.81,95754.44,95187.47,-60986.88,10716.27,-1820349.96,0.0,-1823.7,11.4,0.25,shadowing_obscuration
sample_0469,-88.6457,-145.5079,26.95,96568.44,95415.27,-60986.88,10716.27,-1820349.96,0.0,-1939.8,22.0,0.82,steep_slope_hazard
sample_0470,-88.6395,-150.0418,25.08,95205.38,95643.1,-60986.88,10716.27,-1820349.96,0.0,-1806.6,20.0,0.91,steep_slope_hazard
sample_0471,-88.6512,-147.4759,26.17,95940.03,95700.0,-60986.88,10716.27,-1820349.96,0.0,-1977.8,15.0,0.5,steep_slope_hazard
sample_0472,-88.6429,-151.667,24.45,94607.22,95928.1,-60342.74,11230.16,-1820362.87,0.0,-1805.4,19.0,1.45,steep_slope_hazard
sample_0473,-88.6559,-149.2238,25.48,95386.0,96156.14,-60342.74,11230.16,-1820362.87,0.0,-1972.2,22.2,1.38,steep_slope_hazard
sample_0474,-88.667,-146.4993,26.61,96189.03,96440.65,-60342.74,11230.16,-1820362.87,0.0,-1819.6,11.3,1.14,shadowing_obscuration
sample_0475,-88.6593,-150.9956,24.79,94785.58,94328.93,-60342.74,11230.16,-1820362.87,0.0,-1885.0,9.5,0.89,shadowing_obscuration
sample_0476,-88.6719,-148.4037,25.87,95569.33,94557.14,-60342.74,11230.16,-1820362.87,0.0,-1801.3,17.4,1.33,steep_slope_hazard
sample_0477,-88.6822,-145.5892,27.02,96378.81,94785.47,-59698.59,11744.05,-1820375.41,0.0,-1966.7,20.6,0.37,steep_slope_hazard
sample_0478,-88.676,-150.1695,25.18,95022.91,95013.57,-59698.59,11744.05,-1820375.41,0.0,-1880.3,19.5,1.23,steep_slope_hazard
sample_0479,-88.6878,-147.5177,26.27,95816.34,95298.47,-59698.59,11744.05,-1820375.41,0.0,-1805.5,20.3,0.36,steep_slope_hazard
sample_0480,-88.6969,-144.7488,27.39,96569.34,95355.32,-59698.59,11744.05,-1820375.41,0.0,-1885.8,12.0,1.23,shadowing_obscuration
sample_0481,-88.6919,-149.4725,25.51,95204.8,95583.68,-59054.42,12257.93,-1820387.59,0.0,-1866.7,20.8,0.56,steep_slope_hazard
sample_0482,-88.7031,-146.7531,26.61,96002.2,95811.67,-59054.42,12257.93,-1820387.59,0.0,-1854.8,4.8,1.34,shadowing_obscuration
sample_0483,-88.6964,-150.9577,24.97,94666.38,96039.44,-59054.42,12257.93,-1820387.59,0.0,-1898.2,14.5,1.43,shadowing_obscuration
sample_0484,-88.7083,-148.5397,25.94,95447.98,96267.33,-59054.42,12257.93,-1820387.59,0.0,-1867.0,2.1,0.39,shadowing_obscuration
sample_0485,-88.7183,-145.8537,27.01,96189.59,96324.21,-59054.42,12257.93,-1820387.59,0.0,-1874.8,9.5,0.8,shadowing_obscuration
sample_0486,-88.7122,-150.3555,25.26,94844.28,94440.17,-58410.24,12771.82,-1820399.39,0.0,-1817.8,10.4,1.48,shadowing_obscuration
sample_0487,-88.7237,-147.8399,26.25,95630.91,94668.64,-58410.24,12771.82,-1820399.39,0.0,-1971.8,11.1,0.83,shadowing_obscuration
sample_0488,-88.7333,-144.8619,27.42,96441.96,94896.97,-58410.24,12771.82,-1820399.39,0.0,-1929.4,18.0,1.32,steep_slope_hazard
sample_0489,-88.7281,-149.6881,25.57,95021.46,94953.87,-58410.24,12771.82,-1820399.39,0.0,-1808.9,10.9,0.97,shadowing_obscuration
sample_0490,-88.7389,-147.1066,26.57,95816.1,95182.05,-58410.24,12771.82,-1820399.39,0.0,-1819.8,12.3,0.69,shadowing_obscuration
sample_0491,-88.7328,-151.1148,25.08,94489.32,95467.3,-57766.05,13285.69,-1820410.82,0.0,-1898.0,7.5,0.57,shadowing_obscuration
sample_0492,-88.7445,-148.7506,25.99,95265.65,95695.53,-57766.05,13285.69,-1820410.82,0.0,-1868.4,10.6,0.46,shadowing_obscuration
sample_0493,-88.7546,-146.0179,27.03,96065.46,95923.37,-57766.05,13285.69,-1820410.82,0.0,-1930.1,7.2,1.19,shadowing_obscuration
sample_0494,-88.7491,-150.3858,25.42,94666.56,95980.1,-57766.05,13285.69,-1820410.82,0.0,-1946.1,3.7,0.7,shadowing_obscuration
sample_0495,-88.7601,-147.9506,26.34,95445.98,96208.27,-57766.05,13285.69,-1820410.82,0.0,-1896.5,15.9,0.86,steep_slope_hazard
sample_0496,-88.7695,-145.1025,27.42,96252.19,96436.7,-57121.84,13799.56,-1820421.89,0.0,-1916.4,17.4,0.84,steep_slope_hazard
sample_0497,-88.7656,-149.4655,25.82,94905.69,94551.24,-57121.84,13799.56,-1820421.89,0.0,-1874.9,16.2,0.95,steep_slope_hazard
sample_0498,-88.7761,-146.8703,26.8,95693.12,94779.45,-57121.84,13799.56,-1820421.89,0.0,-1966.0,12.7,1.33,shadowing_obscuration
sample_0499,-88.7839,-144.3481,27.72,96442.11,94836.34,-57121.84,13799.56,-1820421.89,0.0,-1804.6,10.7,1.47,shadowing_obscuration
sample_0500,-88.7814,-148.7147,26.16,95084.04,95064.72,-57121.84,13799.56,-1820421.89,0.0,-1802.5,21.9,0.73,steep_slope_hazard
sample_0501,-88.7912,-145.9963,27.16,95878.01,95292.72,-56477.62,14313.43,-1820432.58,0.0,-1854.3,13.9,1.28,shadowing_obscuration
sample_0502,-88.7871,-150.0505,25.73,94548.07,95577.98,-56477.62,14313.43,-1820432.58,0.0,-1883.5,13.0,1.19,shadowing_obscuration
sample_0503,-88.7971,-147.8685,26.52,95264.82,95634.96,-56477.62,14313.43,-1820432.58,0.0,-1924.3,2.6,0.95,shadowing_obscuration
sample_0504,-88.8057,-145.3443,27.42,96064.68,95863.63,-56477.62,14313.43,-1820432.58,0.0,-1833.5,9.8,1.44,shadowing_obscuration
sample_0505,-88.803,-149.3025,26.06,94725.56,96092.37,-56477.62,14313.43,-1820432.58,0.0,-1856.7,10.7,0.46,shadowing_obscuration
sample_0506,-88.8128,-146.8263,26.95,95509.02,96321.26,-55833.39,14827.29,-1820442.91,0.0,-1950.7,11.2,0.34,shadowing_obscuration
sample_0507,-88.8201,-144.591,27.69,96315.04,94375.97,-55833.39,14827.29,-1820442.91,0.0,-1816.0,15.3,1.31,steep_slope_hazard
sample_0508,-88.8186,-148.5707,26.37,94904.04,94432.88,-55833.39,14827.29,-1820442.91,0.0,-1831.9,14.3,0.77,shadowing_obscuration
sample_0509,-88.8275,-146.2129,27.19,95693.5,94718.6,-55833.39,14827.29,-1820442.91,0.0,-1809.0,16.0,1.3,steep_slope_hazard
sample_0510,-88.8342,-144.0001,27.91,96505.12,94947.07,-55833.39,14827.29,-1820442.91,0.0,-1849.4,19.6,1.36,steep_slope_hazard
sample_0511,-88.8342,-147.67,26.73,95144.8,95175.6,-55189.14,15341.15,-1820452.86,0.0,-1869.6,20.7,0.28,steep_slope_hazard
sample_0512,-88.8422,-145.4163,27.48,95940.79,95404.35,-55189.14,15341.15,-1820452.86,0.0,-1904.7,18.5,1.35,steep_slope_hazard
sample_0513,-88.8398,-149.3249,26.21,94548.21,95461.38,-55189.14,15341.15,-1820452.86,0.0,-1812.1,24.0,0.78,steep_slope_hazard
sample_0514,-88.8493,-146.9489,27.02,95325.32,95747.5,-55189.14,15341.15,-1820452.86,0.0,-1824.1,2.4,0.86,shadowing_obscuration
sample_0515,-88.8564,-144.7746,27.72,96128.59,95976.38,-55189.14,15341.15,-1820452.86,0.0,-1971.9,6.5,1.01,shadowing_obscuration
sample_0516,-88.8557,-148.4174,26.57,94785.08,96205.15,-54544.89,15855.01,-1820462.45,0.0,-1975.3,2.2,1.4,shadowing_obscuration
sample_0517,-88.8639,-146.3081,27.27,95508.8,96262.17,-54544.89,15855.01,-1820462.45,0.0,-1912.2,16.9,0.22,steep_slope_hazard
sample_0518,-88.8706,-144.0696,27.97,96315.07,94315.69,-54544.89,15855.01,-1820462.45,0.0,-1834.1,22.7,0.82,steep_slope_hazard
sample_0519,-88.8709,-147.6892,26.87,94963.95,94544.18,-54544.89,15855.01,-1820462.45,0.0,-1802.3,7.6,1.09,shadowing_obscuration
sample_0520,-88.8787,-145.4742,27.57,95754.46,94830.1,-54544.89,15855.01,-1820462.45,0.0,-1952.9,23.3,1.14,steep_slope_hazard
sample_0521,-88.8848,-143.1119,28.31,96568.41,95058.83,-53900.62,16368.85,-1820471.67,0.0,-1873.1,3.4,1.1,shadowing_obscuration
sample_0522,-88.8858,-147.0305,27.12,95145.28,95115.89,-53900.62,16368.85,-1820471.67,0.0,-1911.4,23.5,0.37,steep_slope_hazard
sample_0523,-88.893,-144.7514,27.83,95939.91,95344.7,-53900.62,16368.85,-1820471.67,0.0,-1805.4,10.1,0.59,shadowing_obscuration
sample_0524,-88.8925,-148.3881,26.74,94606.9,95573.42,-53900.62,16368.85,-1820471.67,0.0,-1828.4,4.3,0.67,shadowing_obscuration
sample_0525,-88.9007,-146.1772,27.43,95386.74,95859.43,-53256.33,16882.7,-1820480.52,0.0,-1829.1,13.2,1.25,shadowing_obscuration
sample_0526,-88.9074,-143.8001,28.16,96189.68,96088.16,-53256.33,16882.7,-1820480.52,0.0,-1895.6,7.9,0.56,shadowing_obscuration
sample_0527,-88.9075,-147.7336,26.99,94784.97,96145.15,-53256.33,16882.7,-1820480.52,0.0,-1905.3,8.6,0.47,shadowing_obscuration
sample_0528,-88.9153,-145.417,27.71,95570.38,96373.84,-53256.33,16882.7,-1820480.52,0.0,-1930.8,9.1,1.44,shadowing_obscuration
sample_0529,-88.9214,-142.9812,28.44,96379.15,94427.21,-53256.33,16882.7,-1820480.52,0.0,-1969.9,20.5,0.21,steep_slope_hazard
sample_0530,-88.9228,-146.8323,27.32,95023.57,94655.89,-52612.04,17396.53,-1820489.0,0.0,-1824.3,14.4,1.5,shadowing_obscuration
sample_0531,-88.9297,-144.6009,28.0,95754.67,94712.84,-52612.04,17396.53,-1820489.0,0.0,-1833.7,9.2,1.08,shadowing_obscuration
sample_0532,-88.9351,-142.0997,28.74,96568.65,94998.74,-52612.04,17396.53,-1820489.0,0.0,-1800.1,16.0,1.28,steep_slope_hazard
sample_0533,-88.9376,-146.0415,27.6,95203.8,95227.42,-52612.04,17396.53,-1820489.0,0.0,-1800.6,18.5,0.58,steep_slope_hazard
sample_0534,-88.944,-143.6281,28.32,96003.23,95456.13,-52612.04,17396.53,-1820489.0,0.0,-1880.0,8.3,0.22,shadowing_obscuration
sample_0535,-88.9446,-147.5551,27.19,94666.37,95684.9,-51967.73,17910.37,-1820497.11,0.0,-1841.6,11.5,1.16,shadowing_obscuration
sample_0536,-88.9521,-145.2727,27.88,95385.69,95741.92,-51967.73,17910.37,-1820497.11,0.0,-1809.9,4.8,1.28,shadowing_obscuration
sample_0537,-88.958,-142.7173,28.63,96191.05,96027.68,-51967.73,17910.37,-1820497.11,0.0,-1827.1,6.2,1.16,shadowing_obscuration
sample_0538,-88.9595,-146.7834,27.47,94844.1,96256.36,-51967.73,17910.37,-1820497.11,0.0,-1935.5,17.7,0.39,steep_slope_hazard
sample_0539,-88.9666,-144.3093,28.19,95633.55,94310.25,-51967.73,17910.37,-1820497.11,0.0,-1898.9,6.2,1.18,shadowing_obscuration
sample_0540,-88.9717,-141.5832,28.99,96442.04,94538.85,-51323.41,18424.19,-1820504.85,0.0,-1956.8,14.1,1.2,shadowing_obscuration
sample_0541,-88.974,-146.1422,27.69,95023.62,94595.95,-51323.41,18424.19,-1820504.85,0.0,-1808.3,18.3,1.06,steep_slope_hazard
sample_0542,-88.9808,-143.3285,28.53,95816.11,94824.94,-51323.41,18424.19,-1820504.85,0.0,-1870.9,4.5,1.2,shadowing_obscuration
sample_0543,-88.981,-147.7203,27.26,94489.33,95110.56,-51323.41,18424.19,-1820504.85,0.0,-1938.8,15.0,1.3,steep_slope_hazard
sample_0544,-88.9888,-145.0991,28.03,95265.24,95338.8,-51323.41,18424.19,-1820504.85,0.0,-1859.1,7.9,1.0,shadowing_obscuration
sample_0545,-88.9947,-142.2149,28.88,96064.36,95567.29,-50679.08,18938.02,-1820512.22,0.0,-1868.7,24.1,0.32,steep_slope_hazard
sample_0546,-88.9954,-147.2358,27.42,94666.17,95624.21,-50679.08,18938.02,-1820512.22,0.0,-1915.5,13.1,0.83,shadowing_obscuration
sample_0547,-89.0034,-144.0095,28.4,95449.68,95852.95,-50679.08,18938.02,-1820512.22,0.0,-1959.6,20.5,0.3,steep_slope_hazard
sample_0548,-89.0082,-141.3279,29.15,96253.23,96138.95,-50679.08,18938.02,-1820512.22,0.0,-1859.1,14.7,0.73,shadowing_obscuration
sample_0549,-89.0108,-145.999,27.84,94904.42,96367.81,-50679.08,18938.02,-1820512.22,0.0,-1886.3,3.0,0.73,shadowing_obscuration
sample_0550,-89.0174,-143.0922,28.7,95631.84,96424.86,-50034.73,19451.83,-1820519.22,0.0,-1841.0,16.6,0.29,steep_slope_hazard
sample_0551,-89.0215,-140.4613,29.41,96441.94,94479.66,-50034.73,19451.83,-1820519.22,0.0,-1886.4,23.9,0.65,steep_slope_hazard
sample_0552,-89.0258,-144.7696,28.27,95083.1,94707.34,-50034.73,19451.83,-1820519.22,0.0,-1826.6,15.8,0.34,steep_slope_hazard
sample_0553,-89.0312,-142.0126,29.02,95878.37,94935.45,-50034.73,19451.83,-1820519.22,0.0,-1880.7,20.8,1.25,steep_slope_hazard
sample_0554,-89.0328,-146.8013,27.7,94548.26,95221.36,-50034.73,19451.83,-1820519.22,0.0,-1879.0,22.3,1.43,steep_slope_hazard
sample_0555,-89.04,-143.8394,28.56,95263.88,95278.31,-49390.38,19965.64,-1820525.86,0.0,-1822.2,7.2,0.29,shadowing_obscuration
sample_0556,-89.0447,-141.145,29.28,96064.15,95507.07,-49390.38,19965.64,-1820525.86,0.0,-1907.4,6.9,1.44,shadowing_obscuration
sample_0557,-89.0481,-145.5234,28.14,94725.69,95735.93,-49390.38,19965.64,-1820525.86,0.0,-1955.9,16.1,0.88,steep_slope_hazard
sample_0558,-89.0541,-142.7283,28.9,95507.56,95964.79,-49390.38,19965.64,-1820525.86,0.0,-1974.8,11.5,0.59,shadowing_obscuration
sample_0559,-89.0579,-140.0821,29.57,96316.52,96250.97,-49390.38,19965.64,-1820525.86,0.0,-1844.1,21.3,0.3,steep_slope_hazard
sample_0560,-89.0625,-144.6382,28.42,94903.86,96308.08,-48746.01,20479.45,-1820532.12,0.0,-1868.3,22.7,0.85,steep_slope_hazard
sample_0561,-89.0677,-141.897,29.14,95692.87,94361.15,-48746.01,20479.45,-1820532.12,0.0,-1853.3,10.1,1.23,shadowing_obscuration
sample_0562,-89.0709,-139.2569,29.79,96505.17,94589.77,-48746.01,20479.45,-1820532.12,0.0,-1941.7,7.4,1.12,shadowing_obscuration
sample_0563,-89.0767,-143.5793,28.73,95144.56,94818.47,-48746.01,20479.45,-1820532.12,0.0,-1955.5,20.0,0.27,steep_slope_hazard
sample_0564,-89.0812,-141.1019,29.35,95878.0,94875.63,-48746.01,20479.45,-1820532.12,0.0,-1977.4,8.3,0.29,shadowing_obscuration
sample_0565,-89.0846,-145.5565,28.24,94548.03,95104.48,-48101.64,20993.25,-1820538.02,0.0,-1916.9,20.9,0.72,steep_slope_hazard
sample_0566,-89.0905,-142.8556,28.93,95325.48,95390.78,-48101.64,20993.25,-1820538.02,0.0,-1873.8,11.7,0.58,shadowing_obscuration
sample_0567,-89.0944,-140.2333,29.57,96126.55,95619.84,-48101.64,20993.25,-1820538.02,0.0,-1909.4,17.4,0.5,steep_slope_hazard
sample_0568,-89.0991,-144.467,28.56,94785.17,95848.93,-48101.64,20993.25,-1820538.02,0.0,-1901.3,4.2,0.57,shadowing_obscuration
sample_0569,-89.1041,-142.2338,29.09,95508.79,95906.13,-48101.64,20993.25,-1820538.02,0.0,-1817.3,16.3,1.24,steep_slope_hazard
sample_0570,-89.1075,-139.5007,29.75,96315.3,96135.07,-47457.25,21507.04,-1820543.54,0.0,-1917.3,12.4,1.41,shadowing_obscuration
sample_0571,-89.1131,-143.7948,28.75,94962.74,96421.04,-47457.25,21507.04,-1820543.54,0.0,-1887.5,15.5,0.73,steep_slope_hazard
sample_0572,-89.1176,-141.3875,29.3,95754.52,94473.35,-47457.25,21507.04,-1820543.54,0.0,-1838.9,5.9,1.38,shadowing_obscuration
sample_0573,-89.1201,-138.3341,30.04,96568.31,94702.48,-47457.25,21507.04,-1820543.54,0.0,-1908.6,18.9,0.62,steep_slope_hazard
sample_0574,-89.1268,-143.2148,28.89,95142.97,94759.71,-46812.85,22020.82,-1820548.7,0.0,-1868.0,21.8,0.82,steep_slope_hazard
sample_0575,-89.131,-140.6769,29.47,95939.85,94989.02,-46812.85,22020.82,-1820548.7,0.0,-1824.8,7.0,0.49,shadowing_obscuration
sample_0576,-89.1354,-144.7714,28.56,94607.06,95218.09,-46812.85,22020.82,-1820548.7,0.0,-1809.1,4.2,1.03,shadowing_obscuration
sample_0577,-89.1405,-142.3785,29.09,95386.73,95504.5,-46812.85,22020.82,-1820548.7,0.0,-1953.5,2.5,1.47,shadowing_obscuration
sample_0578,-89.1441,-139.8011,29.69,96127.59,95561.68,-46812.85,22020.82,-1820548.7,0.0,-1813.2,16.8,0.98,steep_slope_hazard
sample_0579,-89.1494,-144.1323,28.73,94785.03,95790.63,-46168.44,22534.61,-1820553.49,0.0,-1891.4,16.0,0.67,steep_slope_hazard
sample_0580,-89.1541,-141.6306,29.28,95570.53,96019.38,-46168.44,22534.61,-1820553.49,0.0,-1933.5,14.6,1.04,shadowing_obscuration
sample_0581,-89.1568,-138.4524,30.03,96378.53,96247.58,-46168.44,22534.61,-1820553.49,0.0,-1897.4,7.3,0.36,shadowing_obscuration
sample_0582,-89.1633,-143.2564,28.94,95024.3,94357.46,-46168.44,22534.61,-1820553.49,0.0,-1803.6,11.0,1.36,shadowing_obscuration
sample_0583,-89.1674,-140.7329,29.5,95754.41,94357.3,-46168.44,22534.61,-1820553.49,0.0,-1891.3,15.7,0.85,steep_slope_hazard
sample_0584,-89.1686,-136.762,30.48,96568.36,94643.7,-45524.01,23048.38,-1820557.91,0.0,-1920.8,13.4,0.78,shadowing_obscuration
sample_0585,-89.177,-142.4047,29.16,95204.94,94872.75,-45524.01,23048.38,-1820557.91,0.0,-1866.0,24.7,0.96,steep_slope_hazard
sample_0586,-89.1804,-139.4482,29.82,96002.69,95101.74,-45524.01,23048.38,-1820557.91,0.0157,-1936.8,5.1,1.01,shadowing_obscuration
sample_0587,-89.186,-143.9499,28.86,94666.17,95330.65,-45524.01,23048.38,-1820557.91,0.0,-1966.3,18.0,0.29,steep_slope_hazard
sample_0588,-89.1906,-141.4148,29.41,95385.18,95387.65,-45524.01,23048.38,-1820557.91,0.0157,-1956.8,11.3,1.09,shadowing_obscuration
sample_0589,-89.1929,-137.9059,30.22,96189.97,95673.54,-44879.58,23562.15,-1820561.96,0.0235,-1957.0,11.8,0.51,shadowing_obscuration
sample_0590,-89.1999,-143.0421,29.09,94844.5,95901.73,-44879.58,23562.15,-1820561.96,0.0,-1952.7,18.5,1.13,steep_slope_hazard
sample_0591,-89.2038,-140.0072,29.76,95631.19,96129.9,-44879.58,23562.15,-1820561.96,0.0196,-1955.0,17.9,1.27,steep_slope_hazard
sample_0592,-89.2047,-136.3296,30.62,96378.03,96186.69,-44879.58,23562.15,-1820561.96,0.0157,-1864.6,24.8,1.25,steep_slope_hazard
sample_0593,-89.2136,-141.9618,29.37,95023.23,96415.34,-44879.58,23562.15,-1820561.96,0.0157,-1947.3,5.0,0.92,shadowing_obscuration
sample_0594,-89.2165,-138.5805,30.11,95816.44,94469.1,-44235.14,24075.91,-1820565.64,0.0196,-1917.8,4.4,0.88,shadowing_obscuration
sample_0595,-89.2227,-143.6015,29.06,94489.33,94755.21,-44235.14,24075.91,-1820565.64,0.0,-1818.6,18.7,0.39,steep_slope_hazard
sample_0596,-89.227,-140.5043,29.72,95266.72,94983.95,-44235.14,24075.91,-1820565.64,0.0196,-1894.7,15.3,1.21,steep_slope_hazard
sample_0597,-89.2288,-137.2028,30.44,96002.22,95040.81,-44235.14,24075.91,-1820565.64,0.0157,-1859.8,8.3,0.55,shadowing_obscuration
sample_0598,-89.2366,-142.5272,29.33,94666.37,95269.38,-44235.14,24075.91,-1820565.64,0.0,-1949.0,3.8,0.85,shadowing_obscuration
sample_0599,-89.2399,-139.1367,30.05,95448.78,95498.06,-43590.68,24589.66,-1820568.95,0.0157,-1945.4,4.0,0.57,shadowing_obscuration
sample_0600,-89.2401,-135.3218,30.88,96251.67,95783.81,-43590.68,24589.66,-1820568.95,0.0196,-1972.6,22.6,0.37,steep_slope_hazard
sample_0601,-89.2501,-141.0258,29.69,94903.53,96012.02,-43590.68,24589.66,-1820568.95,0.0118,-1949.6,6.4,1.02,shadowing_obscuration
sample_0602,-89.2524,-137.7604,30.37,95630.22,96068.71,-43590.68,24589.66,-1820568.95,0.0196,-1929.9,9.4,0.27,shadowing_obscuration
sample_0603,-89.2508,-133.5518,31.3,96441.12,96297.09,-43590.68,24589.66,-1820568.95,0.0196,-1948.1,7.2,1.17,shadowing_obscuration
sample_0604,-89.2632,-139.6225,30.02,95083.56,94351.41,-42946.22,25103.41,-1820571.89,0.0157,-1964.0,10.2,0.61,shadowing_obscuration
sample_0605,-89.2639,-135.7847,30.83,95878.71,94579.78,-42946.22,25103.41,-1820571.89,0.0196,-1958.3,3.6,0.2,shadowing_obscuration
sample_0606,-89.2732,-141.5821,29.65,94548.08,94865.61,-42946.22,25103.41,-1820571.89,0.0157,-1897.1,13.9,0.86,shadowing_obscuration
sample_0607,-89.2759,-138.1738,30.35,95268.57,94922.5,-42946.22,25103.41,-1820571.89,0.0196,-1942.9,3.6,0.26,shadowing_obscuration
sample_0608,-89.2749,-134.0717,31.22,96062.72,95151.0,-42946.22,25103.41,-1820571.89,0.0196,-1914.4,20.4,0.56,steep_slope_hazard
sample_0609,-89.2865,-140.0784,30.01,94724.89,95379.27,-42301.74,25617.15,-1820574.46,0.0235,-1889.4,7.4,1.12,shadowing_obscuration
sample_0610,-89.2875,-136.1732,30.8,95508.5,95608.05,-42301.74,25617.15,-1820574.46,0.0157,-1855.7,14.4,0.28,shadowing_obscuration
sample_0611,-89.2859,-132.595,31.52,96253.71,95664.73,-42301.74,25617.15,-1820574.46,0.0275,-1972.9,22.2,1.29,steep_slope_hazard
sample_0612,-89.2993,-138.6745,30.32,94904.53,95950.66,-42301.74,25617.15,-1820574.46,0.0157,-1836.1,17.0,0.2,steep_slope_hazard
sample_0613,-89.2991,-134.6724,31.12,95693.09,96179.62,-42301.74,25617.15,-1820574.46,0.0196,-1867.0,14.3,0.52,shadowing_obscuration
sample_0614,-89.2963,-131.0788,31.8,96505.43,96408.65,-41657.26,26130.88,-1820576.66,0.0,-1965.3,9.5,1.16,shadowing_obscuration
sample_0615,-89.3114,-136.89,30.69,95145.31,94461.73,-41657.26,26130.88,-1820576.66,0.0196,-1822.8,9.7,0.61,shadowing_obscuration
sample_0616,-89.3104,-133.26,31.4,95878.31,94518.7,-41657.26,26130.88,-1820576.66,0.0196,-1814.2,17.4,0.33,steep_slope_hazard
sample_0617,-89.3228,-139.4641,30.21,94548.06,94747.27,-41657.26,26130.88,-1820576.66,0.0157,-1969.0,24.9,0.67,steep_slope_hazard
sample_0618,-89.3232,-135.3667,31.01,95324.26,95032.92,-41657.26,26130.88,-1820576.66,0.0235,-1930.2,17.2,0.55,steep_slope_hazard
sample_0619,-89.3211,-131.7042,31.68,96129.47,95261.75,-41012.77,26644.61,-1820578.5,0.0,-1834.9,14.8,1.3,shadowing_obscuration
sample_0620,-89.3353,-137.7903,30.55,94786.46,95490.58,-41012.77,26644.61,-1820578.5,0.0196,-1845.3,18.8,0.61,steep_slope_hazard
sample_0621,-89.3349,-133.9988,31.27,95507.59,95547.75,-41012.77,26644.61,-1820578.5,0.0196,-1946.8,12.7,1.23,shadowing_obscuration
sample_0622,-89.3318,-130.3427,31.92,96316.06,95776.52,-41012.77,26644.61,-1820578.5,0.0,-1942.3,3.4,1.36,shadowing_obscuration
sample_0623,-89.3476,-136.4596,30.8,94966.46,96062.9,-40368.26,27158.33,-1820579.96,0.0196,-1913.3,14.9,0.76,shadowing_obscuration
sample_0624,-89.3456,-132.3156,31.57,95754.45,96292.01,-40368.26,27158.33,-1820579.96,0.0235,-1892.8,24.0,1.38,steep_slope_hazard
sample_0625,-89.3427,-129.1852,32.09,96505.2,96349.28,-40368.26,27158.33,-1820579.96,0.0,-1868.7,6.0,0.69,shadowing_obscuration
sample_0626,-89.3597,-135.217,31.03,95145.21,94402.76,-40368.26,27158.33,-1820579.96,0.0196,-1913.6,17.9,1.45,steep_slope_hazard
sample_0627,-89.3572,-131.2708,31.72,95939.12,94631.36,-40368.26,27158.33,-1820579.96,0.0,-1896.7,6.6,0.32,shadowing_obscuration
sample_0628,-89.3722,-138.3362,30.43,94607.05,94859.99,-39723.75,27672.04,-1820581.05,0.0196,-1845.5,14.3,1.09,shadowing_obscuration
sample_0629,-89.3709,-133.4974,31.33,95386.8,95145.49,-39723.75,27672.04,-1820581.05,0.0235,-1973.4,4.2,0.84,shadowing_obscuration
sample_0630,-89.3696,-130.6633,31.75,96128.37,95202.77,-39723.75,27672.04,-1820581.05,0.0,-1934.6,12.4,0.7,shadowing_obscuration
sample_0631,-89.3846,-136.9075,30.69,94784.8,95432.06,-39723.75,27672.04,-1820581.05,0.0235,-1851.6,19.4,1.02,steep_slope_hazard
sample_0632,-89.383,-132.6039,31.44,95569.23,95661.5,-39723.75,27672.04,-1820581.05,0.0196,-1818.9,10.0,1.12,shadowing_obscuration
sample_0633,-89.3803,-129.3081,31.93,96378.86,95890.93,-39079.23,28185.75,-1820581.78,0.0,-1887.9,17.3,0.21,steep_slope_hazard
sample_0634,-89.396,-134.867,31.06,95023.07,96177.65,-39079.23,28185.75,-1820581.78,0.0196,-1884.2,20.3,0.42,steep_slope_hazard
sample_0635,-89.3951,-131.7346,31.53,95754.53,96235.03,-39079.23,28185.75,-1820581.78,0.0235,-1960.7,23.3,1.13,steep_slope_hazard
sample_0636,-89.3917,-128.3396,32.03,96569.06,94286.71,-39079.23,28185.75,-1820581.78,0.0,-1899.5,7.4,1.07,shadowing_obscuration
sample_0637,-89.4081,-133.8136,31.21,95204.02,94514.88,-39079.23,28185.75,-1820581.78,0.0275,-1884.1,11.2,1.46,shadowing_obscuration
sample_0638,-89.4065,-130.5859,31.66,96002.07,94743.91,-38434.69,28699.44,-1820582.14,0.0,-1936.4,5.5,1.19,shadowing_obscuration
sample_0639,-89.4209,-136.5306,30.78,94608.01,94801.2,-38434.69,28699.44,-1820582.14,0.0196,-1931.5,24.8,1.44,steep_slope_hazard
sample_0640,-89.4203,-132.8874,31.31,95386.15,95030.54,-38434.69,28699.44,-1820582.14,0.0196,-1912.1,23.3,1.11,steep_slope_hazard
sample_0641,-89.4182,-129.6087,31.76,96189.49,95317.39,-38434.69,28699.44,-1820582.14,0.0,-1976.4,14.4,0.59,shadowing_obscuration
sample_0642,-89.4329,-135.0717,30.99,94845.62,95546.81,-38434.69,28699.44,-1820582.14,0.0196,-1922.0,21.4,0.34,steep_slope_hazard
sample_0643,-89.432,-131.7202,31.44,95632.24,95776.27,-37790.15,29213.13,-1820582.12,0.0196,-1941.9,14.0,1.22,shadowing_obscuration
sample_0644,-89.4296,-128.5671,31.86,96378.72,95833.64,-37790.15,29213.13,-1820582.12,0.0,-1921.1,16.3,1.04,steep_slope_hazard
sample_0645,-89.4453,-134.1242,31.1,95022.95,96063.09,-37790.15,29213.13,-1820582.12,0.0275,-1958.4,4.0,0.26,shadowing_obscuration
sample_0646,-89.444,-130.804,31.52,95816.37,96349.79,-37790.15,29213.13,-1820582.12,0.0275,-1819.7,19.4,0.67,steep_slope_hazard
sample_0647,-89.4576,-136.7817,30.7,94489.35,94399.86,-37790.15,29213.13,-1820582.12,0.0196,-1873.2,4.9,1.44,shadowing_obscuration
sample_0648,-89.4572,-132.896,31.23,95265.57,94628.98,-37145.6,29726.82,-1820581.74,0.0275,-1857.8,21.0,0.85,steep_slope_hazard
sample_0649,-89.4557,-129.7373,31.63,96000.44,94686.35,-37145.6,29726.82,-1820581.74,0.0275,-1837.9,20.0,0.76,steep_slope_hazard
sample_0650,-89.4702,-135.6645,30.84,94666.34,94915.7,-37145.6,29726.82,-1820581.74,0.0196,-1890.3,18.3,0.8,steep_slope_hazard
sample_0651,-89.4694,-131.9653,31.32,95447.33,95145.22,-37145.6,29726.82,-1820581.74,0.0431,-1964.4,2.8,0.47,shadowing_obscuration
sample_0652,-89.4666,-128.389,31.76,96253.52,95432.03,-37145.6,29726.82,-1820581.74,0.0,-1883.3,9.0,0.68,shadowing_obscuration
sample_0653,-89.4828,-134.7755,30.93,94844.45,95489.47,-36501.04,30240.49,-1820580.99,0.1922,-1874.4,8.1,0.68,safe_flat
sample_0654,-89.4815,-131.0539,31.39,95631.24,95718.95,-36501.04,30240.49,-1820580.99,0.0157,-1845.8,10.3,0.27,shadowing_obscuration
sample_0655,-89.478,-127.3044,31.85,96441.84,95948.45,-36501.04,30240.49,-1820580.99,0.0,-1902.3,4.0,1.2,shadowing_obscuration
sample_0656,-89.495,-133.6805,31.02,95084.16,96177.88,-36501.04,30240.49,-1820580.99,0.0353,-1957.0,23.6,0.74,steep_slope_hazard
sample_0657,-89.4932,-129.8829,31.48,95878.69,94285.98,-36501.04,30240.49,-1820580.99,0.0275,-1928.9,14.7,1.27,shadowing_obscuration
sample_0658,-89.5078,-137.0281,30.56,94489.36,94343.33,-35856.47,30754.16,-1820579.87,0.0196,-1914.6,9.0,1.31,shadowing_obscuration
sample_0659,-89.5076,-132.8668,31.07,95265.69,94572.52,-35856.47,30754.16,-1820579.87,0.0275,-1863.7,11.1,0.48,shadowing_obscuration
sample_0660,-89.505,-128.9007,31.54,96064.73,94802.02,-35856.47,30754.16,-1820579.87,0.1608,-1877.3,12.3,1.05,crater_rim
sample_0661,-89.5204,-135.8817,30.66,94725.85,95031.46,-35856.47,30754.16,-1820579.87,0.0275,-1915.9,15.8,0.81,steep_slope_hazard
sample_0662,-89.5196,-131.738,31.15,95508.83,95260.89,-35856.47,30754.16,-1820579.87,0.0275,-1802.4,13.9,1.34,shadowing_obscuration
sample_0663,-89.5166,-127.8144,31.61,96252.8,95318.38,-35211.89,31267.82,-1820578.38,0.0,-1871.0,23.1,0.48,steep_slope_hazard
sample_0664,-89.5333,-135.2569,30.69,94904.47,95605.13,-35211.89,31267.82,-1820578.38,0.0235,-1937.3,13.4,1.08,shadowing_obscuration
sample_0665,-89.532,-130.9089,31.19,95693.23,95834.51,-35211.89,31267.82,-1820578.38,0.0235,-1961.7,24.8,0.99,steep_slope_hazard
sample_0666,-89.527,-126.1814,31.76,96505.24,96063.91,-35211.89,31267.82,-1820578.38,0.0,-1952.5,21.6,0.58,steep_slope_hazard
sample_0667,-89.5458,-134.2089,30.75,95143.78,96293.15,-34567.31,31781.47,-1820576.52,0.0235,-1935.7,6.8,0.38,shadowing_obscuration
sample_0668,-89.5439,-129.7962,31.27,95878.03,96350.48,-34567.31,31781.47,-1820576.52,0.0353,-1951.1,23.4,1.05,steep_slope_hazard
sample_0669,-89.5584,-138.2279,30.24,94548.27,94459.86,-34567.31,31781.47,-1820576.52,0.0196,-1946.4,4.7,1.16,shadowing_obscuration
sample_0670,-89.5586,-133.5006,30.77,95325.55,94689.31,-34567.31,31781.47,-1820576.52,0.0235,-1928.7,20.8,0.61,steep_slope_hazard
sample_0671,-89.5548,-128.2071,31.39,96127.45,94918.69,-34567.31,31781.47,-1820576.52,0.0706,-1948.8,10.8,1.04,crater_rim
sample_0672,-89.5715,-137.6395,30.26,94725.58,94976.24,-33922.71,32295.11,-1820574.29,0.0196,-1818.6,22.2,0.71,steep_slope_hazard
sample_0673,-89.5713,-132.7119,30.8,95508.97,95205.65,-33922.71,32295.11,-1820574.29,0.0275,-1965.6,22.0,1.13,steep_slope_hazard
sample_0674,-89.5658,-126.7317,31.51,96315.33,95434.87,-33922.71,32295.11,-1820574.29,0.3451,-1885.6,20.5,0.46,steep_slope_hazard
sample_0675,-89.5844,-136.5995,30.33,94964.1,95721.07,-33922.71,32295.11,-1820574.29,0.0235,-1906.1,20.2,1.36,steep_slope_hazard
sample_0676,-89.583,-131.2138,30.91,95754.5,95950.03,-33922.71,32295.11,-1820574.29,0.0275,-1803.2,9.0,0.57,shadowing_obscuration
sample_0677,-89.5766,-125.207,31.62,96505.04,96007.36,-33278.11,32808.74,-1820571.69,0.0,-1959.8,3.9,0.68,shadowing_obscuration
sample_0678,-89.5973,-135.8442,30.36,95144.4,96236.48,-33278.11,32808.74,-1820571.69,0.0235,-1908.4,11.3,0.28,shadowing_obscuration
sample_0679,-89.5945,-129.6754,31.04,95939.13,94289.92,-33278.11,32808.74,-1820571.69,0.0392,-1805.5,6.0,0.34,shadowing_obscuration
sample_0680,-89.6087,-139.7555,29.93,94607.2,94576.57,-33278.11,32808.74,-1820571.69,0.0235,-1824.2,18.0,0.87,steep_slope_hazard
sample_0681,-89.6096,-134.3188,30.47,95386.62,94805.92,-33278.11,32808.74,-1820571.69,0.0196,-1832.9,10.0,0.55,shadowing_obscuration
sample_0682,-89.6054,-127.8705,31.19,96127.3,94863.32,-32633.5,33322.37,-1820568.73,0.3804,-1933.6,24.4,1.29,steep_slope_hazard
sample_0683,-89.6219,-138.9313,29.98,94784.72,95092.49,-32633.5,33322.37,-1820568.73,0.0196,-1949.2,16.7,0.22,steep_slope_hazard
sample_0684,-89.6217,-132.7033,30.61,95569.97,95321.48,-32633.5,33322.37,-1820568.73,0.0235,-1859.6,20.9,0.69,steep_slope_hazard
sample_0685,-89.6148,-125.3786,31.41,96378.28,95550.44,-32633.5,33322.37,-1820568.73,0.502,-1812.7,5.0,0.64,safe_flat
sample_0686,-89.6349,-137.7397,30.07,94964.55,95607.62,-32633.5,33322.37,-1820568.73,0.0196,-1879.8,21.8,0.23,steep_slope_hazard
sample_0687,-89.6332,-130.8201,30.77,95754.42,95893.51,-31988.88,33835.98,-1820565.39,0.0392,-1877.1,23.2,0.36,steep_slope_hazard
sample_0688,-89.6242,-123.1092,31.6,96568.58,96122.27,-31988.88,33835.98,-1820565.39,0.0,-1929.6,13.2,0.74,shadowing_obscuration
sample_0689,-89.6474,-135.9063,30.22,95204.38,96351.13,-31988.88,33835.98,-1820565.39,0.0196,-1841.5,15.9,0.84,steep_slope_hazard
sample_0690,-89.6432,-128.0498,31.01,96002.62,94405.69,-31988.88,33835.98,-1820565.39,0.4667,-1946.3,19.6,0.73,steep_slope_hazard
sample_0691,-89.6587,-141.248,29.7,94606.9,94463.07,-31988.88,33835.98,-1820565.39,0.0235,-1921.7,6.0,0.89,shadowing_obscuration
sample_0692,-89.66,-134.5585,30.3,95386.13,94749.57,-31344.25,34349.59,-1820561.68,0.0314,-1903.4,13.6,0.97,shadowing_obscuration
sample_0693,-89.6538,-126.017,31.16,96189.68,94978.87,-31344.25,34349.59,-1820561.68,0.502,-1888.6,11.2,0.21,safe_flat
sample_0694,-89.6719,-139.7605,29.8,94844.28,95208.1,-31344.25,34349.59,-1820561.68,0.0275,-1936.4,5.4,0.8,shadowing_obscuration
sample_0695,-89.672,-132.6829,30.42,95631.48,95437.25,-31344.25,34349.59,-1820561.68,0.3451,-1959.3,10.5,1.45,crater_rim
sample_0696,-89.6637,-123.7038,31.32,96378.76,95494.55,-31344.25,34349.59,-1820561.68,0.2,-1870.1,3.6,0.87,safe_flat
sample_0697,-89.685,-138.2748,29.91,95022.7,95723.38,-30699.61,34863.19,-1820557.61,0.0353,-1928.0,2.6,1.08,shadowing_obscuration
sample_0698,-89.6836,-130.556,30.57,95816.37,96008.72,-30699.61,34863.19,-1820557.61,0.3451,-1875.4,5.1,0.61,safe_flat
sample_0699,-89.695,-142.911,29.54,94489.35,96237.3,-30699.61,34863.19,-1820557.61,0.0196,-1952.2,24.2,1.21,steep_slope_hazard
sample_0700,-89.6977,-136.3327,30.06,95203.92,96294.6,-30699.61,34863.19,-1820557.61,0.2314,-1893.4,14.6,1.2,crater_rim
sample_0701,-89.6937,-127.4973,30.82,96002.57,94348.69,-30699.61,34863.19,-1820557.61,0.3804,-1884.1,24.2,0.88,steep_slope_hazard
sample_0702,-89.7085,-140.9998,29.7,94665.67,94577.76,-30054.97,35376.78,-1820553.16,0.1059,-1970.7,11.9,1.47,crater_rim
sample_0703,-89.7093,-133.2384,30.3,95447.2,94864.16,-30054.97,35376.78,-1820553.16,0.6039,-1919.4,9.2,0.36,safe_flat
sample_0704,-89.702,-123.7211,31.1,96252.1,95093.15,-30054.97,35376.78,-1820553.16,0.2745,-1955.8,13.6,0.22,safe_flat
sample_0705,-89.7216,-138.7432,29.88,94844.59,95150.28,-30054.97,35376.78,-1820553.16,0.2471,-1968.6,12.1,1.2,crater_rim
sample_0706,-89.7202,-130.0715,30.54,95631.76,95379.08,-30054.97,35376.78,-1820553.16,0.5216,-1801.8,4.4,1.25,crater_rim
sample_0707,-89.7111,-120.8285,31.28,96441.95,95607.78,-29410.32,35890.36,-1820548.35,0.1373,-1922.0,16.7,0.36,steep_slope_hazard
sample_0708,-89.7338,-135.1968,30.15,95084.5,95836.73,-29410.32,35890.36,-1820548.35,0.4235,-1834.2,7.0,0.55,safe_flat
sample_0709,-89.7295,-126.0451,30.82,95877.76,96122.95,-29410.32,35890.36,-1820548.35,0.1765,-1934.2,16.3,0.22,steep_slope_hazard
sample_0710,-89.745,-140.8423,29.77,94489.33,96180.09,-29410.32,35890.36,-1820548.35,0.3569,-1857.3,17.0,0.58,steep_slope_hazard
sample_0711,-89.7453,-132.0015,30.37,95265.71,96409.06,-29410.32,35890.36,-1820548.35,0.3451,-1843.2,5.5,1.21,crater_rim
sample_0712,-89.739,-122.8689,31.0,96065.25,94461.37,-28765.66,36403.93,-1820543.17,0.1765,-1872.8,3.4,0.87,safe_flat
sample_0713,-89.7578,-137.2376,30.03,94725.65,94690.44,-28765.66,36403.93,-1820543.17,0.2392,-1895.1,20.0,0.65,steep_slope_hazard
sample_0714,-89.7565,-129.0125,30.54,95447.58,94747.59,-28765.66,36403.93,-1820543.17,0.3294,-1905.9,12.6,0.68,safe_flat
sample_0715,-89.7479,-119.6069,31.17,96252.3,94976.71,-28765.66,36403.93,-1820543.17,0.0392,-1917.2,3.3,0.2,shadowing_obscuration
sample_0716,-89.7702,-134.5454,30.18,94904.89,95263.27,-28121.0,36917.5,-1820537.61,0.1059,-1812.7,24.9,0.59,steep_slope_hazard
sample_0717,-89.7664,-125.3168,30.73,95691.87,95492.4,-28121.0,36917.5,-1820537.61,0.149,-1830.5,3.3,1.04,crater_rim
sample_0718,-89.7556,-115.9268,31.33,96505.32,95721.62,-28121.0,36917.5,-1820537.61,0.0353,-1806.3,18.0,1.47,steep_slope_hazard
sample_0719,-89.7822,-131.8844,30.31,95083.22,95778.94,-28121.0,36917.5,-1820537.61,0.2863,-1957.6,24.6,1.3,steep_slope_hazard
sample_0720,-89.7768,-122.4084,30.84,95878.21,96008.14,-28121.0,36917.5,-1820537.61,0.0353,-1848.4,7.5,0.23,shadowing_obscuration
sample_0721,-89.7944,-137.5897,30.0,94548.11,96294.73,-27476.32,37431.05,-1820531.69,0.2784,-1811.1,5.3,1.37,crater_rim
sample_0722,-89.7932,-128.2604,30.47,95325.86,94345.6,-27476.32,37431.05,-1820531.69,0.2235,-1947.4,4.8,1.22,crater_rim
sample_0723,-89.7854,-118.448,31.0,96128.23,94574.9,-27476.32,37431.05,-1820531.69,0.0275,-1968.0,9.0,1.21,shadowing_obscuration
sample_0724,-89.807,-134.7495,30.13,94725.65,94632.25,-27476.32,37431.05,-1820531.69,0.4078,-1846.6,4.3,0.8,safe_flat
sample_0725,-89.804,-124.9335,30.59,95509.68,94861.59,-27476.32,37431.05,-1820531.69,0.2118,-1876.6,17.9,0.72,steep_slope_hazard
sample_0726,-89.7943,-114.9734,31.1,96316.32,95090.97,-26831.64,37944.6,-1820525.4,0.0353,-1828.5,3.4,0.59,shadowing_obscuration
sample_0727,-89.8189,-131.3455,30.26,94962.78,95377.71,-26831.64,37944.6,-1820525.4,0.2275,-1954.8,13.7,0.29,safe_flat
sample_0728,-89.8144,-121.5467,30.69,95692.93,95435.04,-26831.64,37944.6,-1820525.4,0.251,-1836.9,24.9,0.5,steep_slope_hazard
sample_0729,-89.8022,-111.1437,31.21,96505.23,95664.45,-26831.64,37944.6,-1820525.4,0.0902,-1943.7,20.7,0.52,steep_slope_hazard
sample_0730,-89.8303,-127.8054,30.38,95144.6,95893.84,-26831.64,37944.6,-1820525.4,0.1765,-1950.5,16.2,0.83,steep_slope_hazard
sample_0731,-89.8231,-117.0348,30.83,95940.0,96123.18,-26186.96,38458.13,-1820518.74,0.1647,-1950.4,9.0,1.17,crater_rim
sample_0732,-89.8437,-134.857,30.07,94607.0,96409.83,-26186.96,38458.13,-1820518.74,0.2941,-1833.4,16.3,0.82,steep_slope_hazard
sample_0733,-89.8412,-123.9726,30.48,95324.57,94287.89,-26186.96,38458.13,-1820518.74,0.2392,-1860.3,14.1,0.28,safe_flat
sample_0734,-89.8319,-112.9618,30.91,96127.64,94517.16,-26186.96,38458.13,-1820518.74,0.3059,-1885.8,11.8,1.45,crater_rim
sample_0735,-89.8558,-131.0741,30.19,94785.7,94746.58,-26186.96,38458.13,-1820518.74,0.3137,-1915.4,5.0,1.43,crater_rim
sample_0736,-89.8506,-118.9582,30.61,95569.81,94976.05,-25542.26,38971.66,-1820511.71,0.3529,-1822.1,22.4,1.22,steep_slope_hazard
sample_0737,-89.8381,-107.4969,31.05,96378.35,95205.49,-25542.26,38971.66,-1820511.71,0.1686,-1909.4,12.3,1.49,crater_rim
sample_0738,-89.8673,-126.8565,30.29,94963.48,95262.87,-25542.26,38971.66,-1820511.71,0.349,-1833.0,6.5,0.91,safe_flat
sample_0739,-89.8597,-114.1652,30.7,95754.49,95549.75,-25542.26,38971.66,-1820511.71,0.0824,-1901.0,10.5,1.45,crater_rim
sample_0740,-89.8445,-102.4671,31.14,96569.04,95779.2,-25542.26,38971.66,-1820511.71,0.0784,-1912.2,11.5,0.3,safe_flat
sample_0741,-89.8771,-120.8439,30.43,95204.49,96008.67,-24897.56,39485.17,-1820504.31,0.1294,-1896.7,21.0,0.68,steep_slope_hazard
sample_0742,-89.8664,-107.8121,30.82,96004.77,96238.15,-24897.56,39485.17,-1820504.31,0.4824,-1925.8,18.9,0.49,steep_slope_hazard
sample_0743,-89.8927,-130.7037,30.12,94607.15,96295.49,-24897.56,39485.17,-1820504.31,0.3922,-1845.4,19.7,0.45,steep_slope_hazard
sample_0744,-89.8864,-114.9202,30.53,95387.24,94401.97,-24897.56,39485.17,-1820504.31,0.298,-1889.5,2.3,0.38,safe_flat
sample_0745,-89.8727,-101.7049,30.92,96188.36,94631.37,-24897.56,39485.17,-1820504.31,0.1725,-1938.2,11.6,1.01,crater_rim
sample_0746,-89.9033,-123.3779,30.26,94842.99,94860.83,-24252.86,39998.68,-1820496.54,0.4706,-1818.1,13.1,1.22,crater_rim
sample_0747,-89.8942,-107.9502,30.63,95570.2,94918.13,-24252.86,39998.68,-1820496.54,0.451,-1910.9,2.4,0.95,safe_flat
sample_0748,-89.8777,-95.1389,31.0,96378.22,95147.63,-24252.86,39998.68,-1820496.54,0.3451,-1882.2,8.0,0.39,safe_flat
sample_0749,-89.9127,-115.5525,30.38,95023.09,95377.1,-24252.86,39998.68,-1820496.54,0.3725,-1816.8,19.5,1.25,steep_slope_hazard
sample_0750,-89.8989,-99.1781,30.75,95815.9,95664.14,-24252.86,39998.68,-1820496.54,0.5922,-1867.6,5.2,1.03,crater_rim
sample_0751,-89.9291,-127.9559,30.09,94489.35,95893.66,-23608.14,40512.18,-1820488.4,0.349,-1959.0,14.3,0.7,safe_flat
sample_0752,-89.9205,-106.4481,30.48,95203.44,95951.01,-23608.14,40512.18,-1820488.4,0.4549,-1810.8,6.9,1.08,crater_rim
sample_0753,-89.9027,-90.5633,30.85,96002.57,96180.58,-23608.14,40512.18,-1820488.4,0.3922,-1867.0,2.3,0.54,safe_flat
sample_0754,-89.9394,-117.8028,30.2,94666.05,96410.13,-23608.14,40512.18,-1820488.4,0.4549,-1919.7,7.5,0.65,safe_flat
sample_0755,-89.9246,-94.7751,30.59,95445.95,94516.25,-23608.14,40512.18,-1820488.4,0.5294,-1954.9,24.4,1.39,steep_slope_hazard
sample_0756,-89.9028,-81.0449,30.96,96252.24,94745.77,-22963.42,41025.66,-1820479.9,0.502,-1837.1,20.4,0.58,steep_slope_hazard
sample_0757,-89.9479,-105.3344,30.27,94844.35,94803.11,-22963.42,41025.66,-1820479.9,0.102,-1868.4,24.1,0.81,steep_slope_hazard
sample_0758,-89.9282,-83.7413,30.65,95631.71,95032.66,-22963.42,41025.66,-1820479.9,0.4039,-1884.0,13.2,1.36,crater_rim
sample_0759,-89.9022,-72.1686,31.04,96442.02,95262.17,-22963.42,41025.66,-1820479.9,0.4667,-1819.1,4.5,1.12,crater_rim
sample_0760,-89.9514,-87.7146,30.37,95083.94,95491.82,-22963.42,41025.66,-1820479.9,0.0,-1838.1,14.6,0.28,shadowing_obscuration
sample_0761,-89.9283,-71.8123,30.73,95816.48,95549.18,-22318.7,41539.14,-1820471.02,0.5373,-1952.7,12.5,0.39,safe_flat
sample_0762,-89.9769,-107.2494,30.0,94489.35,95836.04,-22318.7,41539.14,-1820471.02,0.1725,-1923.9,21.4,0.21,steep_slope_hazard
sample_0763,-89.9516,-69.9021,30.45,95265.75,96065.66,-22318.7,41539.14,-1820471.02,0.6235,-1935.3,4.3,1.02,crater_rim
sample_0764,-89.9229,-60.0687,30.83,96064.79,96295.23,-22318.7,41539.14,-1820471.02,0.0,-1846.1,13.2,0.78,shadowing_obscuration
sample_0765,-89.9755,-64.8033,30.15,94726.52,94344.53,-21673.97,42052.61,-1820461.77,0.6078,-1974.0,5.5,0.37,safe_flat
sample_0766,-89.9473,-53.5109,30.53,95445.47,94401.76,-21673.97,42052.61,-1820461.77,0.4196,-1877.4,9.5,1.45,crater_rim
sample_0767,-89.9172,-50.1652,30.91,96251.96,94688.3,-21673.97,42052.61,-1820461.77,0.6196,-1842.8,19.0,0.89,steep_slope_hazard
sample_0768,-89.9669,-37.9272,30.27,94904.38,94917.75,-21673.97,42052.61,-1820461.77,0.4824,-1822.2,12.9,0.51,safe_flat
sample_0769,-89.9373,-40.8837,30.64,95692.97,95147.25,-21673.97,42052.61,-1820461.77,0.7176,-1918.4,10.6,0.85,safe_flat
sample_0770,-89.9073,-41.9754,31.01,96505.24,95376.84,-21029.23,42566.06,-1820452.16,0.4,-1832.2,11.1,1.08,crater_rim
sample_0771,-89.956,-22.7047,30.34,95083.72,95434.24,-21029.23,42566.06,-1820452.16,0.3608,-1960.1,12.6,0.3,safe_flat
sample_0772,-89.9274,-31.3779,30.72,95878.03,95663.82,-21029.23,42566.06,-1820452.16,0.4863,-1827.6,20.1,0.56,steep_slope_hazard
sample_0773,-89.9709,4.5611,30.03,94580.03,95950.85,-21029.23,42566.06,-1820452.16,0.0275,-1957.1,22.5,1.25,steep_slope_hazard
sample_0774,-89.9416,-15.1456,30.45,95326.2,96180.47,-21029.23,42566.06,-1820452.16,0.0627,-1908.5,24.0,0.8,steep_slope_hazard
sample_0775,-89.9164,-24.1919,30.79,96064.92,96237.85,-20384.49,43079.51,-1820442.17,0.5098,-1836.5,20.1,0.91,steep_slope_hazard
sample_0776,-89.9559,6.4076,30.13,94758.36,94287.27,-20384.49,43079.51,-1820442.17,0.3176,-1953.0,9.3,0.76,safe_flat
sample_0777,-89.9289,-9.0693,30.51,95507.98,94516.49,-20384.49,43079.51,-1820442.17,0.6471,-1938.7,17.8,0.26,steep_slope_hazard
sample_0778,-89.902,-19.5906,30.89,96316.71,94803.35,-20384.49,43079.51,-1820442.17,0.5451,-1850.0,12.1,0.42,safe_flat
sample_0779,-89.9403,7.3173,30.22,94968.31,95032.81,-20384.49,43079.51,-1820442.17,0.051,-1850.4,7.9,0.78,safe_flat
sample_0780,-89.9151,-5.2045,30.58,95692.92,95090.23,-19739.74,43592.94,-1820431.82,0.0,-1864.6,21.3,0.47,steep_slope_hazard
sample_0781,-89.8887,-15.6581,30.98,96505.29,95319.64,-19739.74,43592.94,-1820431.82,0.6863,-1855.1,2.9,0.26,safe_flat
sample_0782,-89.9264,9.4042,30.28,95107.09,95549.24,-19739.74,43592.94,-1820431.82,0.2157,-1882.3,22.7,1.3,steep_slope_hazard
sample_0783,-89.8991,-3.6346,30.69,95939.86,95778.79,-19739.74,43592.94,-1820431.82,0.4941,-1934.7,12.6,1.48,crater_rim
sample_0784,-89.9391,23.0665,30.03,94616.67,96065.7,-19739.74,43592.94,-1820431.82,0.0275,-1917.8,16.7,1.23,steep_slope_hazard
sample_0785,-89.912,10.8027,30.35,95253.34,96123.09,-19094.98,44106.37,-1820421.1,0.0431,-1947.3,17.2,1.31,steep_slope_hazard
sample_0786,-89.8848,-1.545,30.77,96125.48,96352.67,-19094.98,44106.37,-1820421.1,0.6078,-1816.5,22.6,0.51,steep_slope_hazard
sample_0787,-89.9235,23.8803,30.07,94705.9,94401.9,-19094.98,44106.37,-1820421.1,0.0235,-1875.0,16.6,1.45,steep_slope_hazard
sample_0788,-89.8946,10.5704,30.45,95500.81,94631.33,-19094.98,44106.37,-1820421.1,0.2863,-1907.8,16.1,0.46,steep_slope_hazard
sample_0789,-89.8702,-97.3564,31.28,96614.11,94688.69,-19094.98,44106.37,-1820421.1,0.2078,-1896.8,3.5,1.44,crater_rim
sample_0790,-89.9072,24.0204,30.11,94834.18,94975.63,-18450.22,44619.78,-1820410.0,0.0,-1809.5,13.9,1.49,shadowing_obscuration
sample_0791,-89.8795,11.4437,30.51,95658.51,95205.15,-18450.22,44619.78,-1820410.0,0.0,-1952.4,5.5,1.13,shadowing_obscuration
sample_0792,-89.8535,45.1993,29.51,93989.03,95434.65,-18450.22,44619.78,-1820410.0,0.0,-1874.5,19.0,1.48,steep_slope_hazard
sample_0793,-89.8884,22.6865,30.2,95042.8,95664.13,-18450.22,44619.78,-1820410.0,0.0,-1888.9,13.8,0.94,shadowing_obscuration
sample_0794,-89.8637,11.8366,30.59,95835.26,95721.48,-18450.22,44619.78,-1820410.0,0.0,-1869.9,17.6,0.54,steep_slope_hazard
sample_0795,-89.8995,35.0319,29.88,94447.1,95951.04,-17805.46,45133.18,-1820398.54,0.0275,-1976.7,3.0,0.77,shadowing_obscuration
sample_0796,-89.8716,22.3185,30.26,95191.6,96237.69,-17805.46,45133.18,-1820398.54,0.0,-1823.0,4.0,0.97,shadowing_obscuration
sample_0797,-89.8455,10.9716,30.72,96111.83,94287.37,-17805.46,45133.18,-1820398.54,0.0,-1812.2,18.5,0.3,steep_slope_hazard
sample_0798,-89.8798,33.0538,29.95,94580.5,94516.71,-17805.46,45133.18,-1820398.54,0.0,-1878.3,3.7,1.01,shadowing_obscuration
sample_0799,-89.8553,22.2842,30.32,95326.71,94574.13,-17805.46,45133.18,-1820398.54,0.0,-1854.6,3.6,1.48,shadowing_obscuration
sample_0800,-89.8284,10.6129,30.84,96326.29,94803.6,-17160.69,45646.57,-1820386.71,0.0,-1814.0,2.3,0.45,shadowing_obscuration
sample_0801,-89.8629,32.631,29.98,94653.53,95090.49,-17160.69,45646.57,-1820386.71,0.0,-1852.7,24.0,1.23,steep_slope_hazard
sample_0802,-89.837,21.3846,30.4,95546.64,95319.96,-17160.69,45646.57,-1820386.71,0.0,-1952.5,19.0,1.38,steep_slope_hazard
sample_0803,-89.8708,43.2155,29.63,94125.79,95549.47,-17160.69,45646.57,-1820386.71,0.0,-1876.3,10.1,1.43,shadowing_obscuration
sample_0804,-89.8465,32.5482,29.99,94735.94,95606.82,-17160.69,45646.57,-1820386.71,0.0,-1870.8,8.8,1.45,shadowing_obscuration
sample_0805,-89.82,21.0591,30.47,95722.08,95836.2,-16515.91,46159.95,-1820374.51,0.0,-1903.7,10.0,0.88,shadowing_obscuration
sample_0806,-89.8539,42.7687,29.62,94110.34,96065.45,-16515.91,46159.95,-1820374.51,0.0,-1847.4,19.8,1.47,steep_slope_hazard
sample_0807,-89.8282,31.6433,30.04,94887.13,96351.99,-16515.91,46159.95,-1820374.51,0.0,-1811.8,17.2,1.18,steep_slope_hazard
sample_0808,-89.803,20.6365,30.56,95888.06,96409.27,-16515.91,46159.95,-1820374.51,0.0,-1813.4,6.3,0.41,shadowing_obscuration
sample_0809,-89.8375,42.6772,29.6,94107.45,94459.79,-16515.91,46159.95,-1820374.51,0.0,-1898.8,6.0,0.82,shadowing_obscuration
sample_0810,-89.8114,31.3691,30.06,95007.57,94689.28,-15871.13,46673.32,-1820361.94,0.0,-1959.6,4.3,1.13,shadowing_obscuration
sample_0811,-89.7842,19.3175,30.7,96132.01,94918.77,-15871.13,46673.32,-1820361.94,0.0,-1802.7,17.2,0.52,steep_slope_hazard
sample_0812,-89.8193,41.8,29.61,94182.47,95205.54,-15871.13,46673.32,-1820361.94,0.0,-1829.0,19.6,1.03,steep_slope_hazard
sample_0813,-89.7944,30.977,30.09,95134.52,95205.48,-15871.13,46673.32,-1820361.94,0.0,-1957.6,8.1,1.07,shadowing_obscuration
sample_0814,-89.8283,52.7195,29.14,93558.3,95492.26,-15226.35,47186.68,-1820349.0,0.0,-1814.2,2.5,0.41,shadowing_obscuration
sample_0815,-89.8026,41.5914,29.58,94231.74,95721.68,-15226.35,47186.68,-1820349.0,0.0,-1823.4,3.9,0.93,shadowing_obscuration
sample_0816,-89.7757,29.707,30.18,95338.8,95950.95,-15226.35,47186.68,-1820349.0,0.0,-1886.6,24.3,1.2,steep_slope_hazard
sample_0817,-89.8103,51.8935,29.11,93508.27,96180.21,-15226.35,47186.68,-1820349.0,0.0,-1873.6,8.8,0.85,shadowing_obscuration
sample_0818,-89.7857,41.2562,29.56,94306.54,96237.54,-15226.35,47186.68,-1820349.0,0.0,-1908.2,19.7,0.22,steep_slope_hazard
sample_0819,-89.7589,29.4378,30.2,95495.66,94346.04,-14581.56,47700.03,-1820335.69,0.0,-1970.1,16.4,0.21,steep_slope_hazard
sample_0820,-89.7937,51.7554,29.04,93477.48,94575.54,-14581.56,47700.03,-1820335.69,0.0,-1919.7,10.8,0.66,shadowing_obscuration
sample_0821,-89.7671,40.0466,29.59,94477.93,94804.89,-14581.56,47700.03,-1820335.69,0.0,-1835.5,6.7,1.4,shadowing_obscuration
sample_0822,-89.742,29.1368,30.25,95621.25,94862.36,-14581.56,47700.03,-1820335.69,0.0,-1979.2,4.8,0.5,shadowing_obscuration
sample_0823,-89.7769,51.4815,28.98,93462.82,95091.56,-14581.56,47700.03,-1820335.69,0.0,-1920.0,16.1,1.02,steep_slope_hazard
sample_0824,-89.7504,39.8266,29.56,94583.28,95378.12,-13936.76,48213.37,-1820322.01,0.0,-1908.3,19.8,0.49,steep_slope_hazard
sample_0825,-89.7846,61.8559,28.36,93077.6,95607.45,-13936.76,48213.37,-1820322.01,0.0,-1883.3,16.8,0.62,steep_slope_hazard
sample_0826,-89.7584,50.3234,28.95,93576.29,95836.71,-13936.76,48213.37,-1820322.01,0.0,-1814.4,14.2,1.3,shadowing_obscuration
sample_0827,-89.7335,39.5686,29.55,94664.54,95894.06,-13936.76,48213.37,-1820322.01,0.0,-1917.7,3.0,1.15,shadowing_obscuration
sample_0828,-89.7679,61.6288,28.27,92957.19,96123.21,-13936.76,48213.37,-1820322.01,0.0,-1917.5,24.3,0.32,steep_slope_hazard
sample_0829,-89.7417,50.1364,28.88,93610.44,96352.35,-13291.97,48726.69,-1820307.96,0.0,-1847.2,20.4,0.76,steep_slope_hazard
sample_0830,-89.7148,38.2715,29.62,94848.19,94461.78,-13291.97,48726.69,-1820307.96,0.0,-1898.6,8.7,0.24,shadowing_obscuration
sample_0831,-89.7495,60.5123,28.24,92840.5,94691.01,-13291.97,48726.69,-1820307.96,0.0,-1939.6,24.5,0.83,steep_slope_hazard
sample_0832,-89.725,49.912,28.81,93656.1,94748.36,-13291.97,48726.69,-1820307.96,0.0,-1898.6,15.8,1.06,steep_slope_hazard
sample_0833,-89.6978,37.9354,29.63,94925.47,94977.49,-13291.97,48726.69,-1820307.96,0.0,-1954.6,15.4,0.35,steep_slope_hazard
sample_0834,-89.7329,60.3559,28.14,92760.67,95206.63,-12647.16,49240.0,-1820293.55,0.0,-1948.3,19.2,0.58,steep_slope_hazard
sample_0835,-89.7063,48.6636,28.82,93801.27,95493.06,-12647.16,49240.0,-1820293.55,0.0,-1890.3,20.7,0.72,steep_slope_hazard
sample_0836,-89.7422,71.5327,27.29,92788.68,95493.08,-12647.16,49240.0,-1820293.55,0.0,-1904.6,17.1,1.4,steep_slope_hazard
sample_0837,-89.7162,60.1683,28.03,92735.22,95779.33,-12647.16,49240.0,-1820293.55,0.0,-1815.3,4.9,1.49,shadowing_obscuration
sample_0838,-89.6894,48.3626,28.77,93840.5,96008.56,-12647.16,49240.0,-1820293.55,0.0,-1914.8,9.8,0.26,shadowing_obscuration
sample_0839,-89.7239,70.4919,27.22,92573.59,96237.73,-12002.36,49753.3,-1820278.76,0.0,-1875.5,23.3,1.19,steep_slope_hazard
sample_0840,-89.6976,58.9746,27.98,92799.63,94291.17,-12002.36,49753.3,-1820278.76,0.0,-1866.2,7.2,0.68,shadowing_obscuration
sample_0841,-89.6725,48.0549,28.72,93924.92,94348.4,-12002.36,49753.3,-1820278.76,0.0,-1977.6,10.6,0.71,shadowing_obscuration
sample_0842,-89.7073,70.3457,27.1,92385.75,94634.51,-12002.36,49753.3,-1820278.76,0.0,-1860.6,11.9,1.18,shadowing_obscuration
sample_0843,-89.6808,58.7141,27.87,92834.22,94863.61,-12002.36,49753.3,-1820278.76,0.0,-1948.0,12.1,1.39,shadowing_obscuration
sample_0844,-89.6537,46.7382,28.75,94141.05,95092.72,-11357.55,50266.59,-1820263.6,0.0,-1807.0,16.1,1.44,steep_slope_hazard
sample_0845,-89.6889,69.2092,27.06,92168.79,95321.8,-11357.55,50266.59,-1820263.6,0.0,-1953.2,23.7,0.95,steep_slope_hazard
sample_0846,-89.664,58.4462,27.74,92903.73,95379.17,-11357.55,50266.59,-1820263.6,0.0,-1905.4,7.5,0.66,shadowing_obscuration
sample_0847,-89.6983,80.4463,26.12,92558.93,95608.06,-11357.55,50266.59,-1820263.6,0.0,-1964.6,4.8,1.22,shadowing_obscuration
sample_0848,-89.6721,68.9899,26.94,92014.23,95894.26,-11357.55,50266.59,-1820263.6,0.0,-1800.6,6.5,0.53,shadowing_obscuration
sample_0849,-89.6453,57.1828,27.71,93072.46,96123.38,-10712.73,50779.87,-1820248.08,0.0,-1889.6,22.4,0.93,steep_slope_hazard
sample_0850,-89.6817,80.2996,25.96,92336.17,96180.65,-10712.73,50779.87,-1820248.08,0.0,-1872.8,16.9,0.67,steep_slope_hazard
sample_0851,-89.6554,68.762,26.8,91943.89,96409.75,-10712.73,50779.87,-1820248.08,0.0,-1967.9,8.6,1.05,shadowing_obscuration
sample_0852,-89.6284,56.8687,27.61,93114.54,94464.68,-10712.73,50779.87,-1820248.08,0.0,-1845.0,20.8,0.51,steep_slope_hazard
sample_0853,-89.6633,79.1878,25.88,92044.24,94750.97,-10712.73,50779.87,-1820248.08,0.0,-1942.2,21.8,0.45,steep_slope_hazard
sample_0854,-89.6368,67.551,26.72,91993.39,94979.97,-10067.92,51293.13,-1820232.18,0.0,-1818.4,21.5,1.39,steep_slope_hazard
sample_0855,-89.6114,56.5334,27.52,93167.31,95037.38,-10067.92,51293.13,-1820232.18,0.0,-1943.1,23.1,0.33,steep_slope_hazard
sample_0856,-89.6466,78.9985,25.73,91805.58,95266.36,-10067.92,51293.13,-1820232.18,0.0,-1945.7,7.8,0.86,shadowing_obscuration
sample_0857,-89.6199,67.2753,26.57,91986.48,95495.4,-10067.92,51293.13,-1820232.18,0.0,-1973.4,19.4,0.49,steep_slope_hazard
sample_0858,-89.6543,89.3043,24.9,92442.96,95724.34,-9423.09,51806.39,-1820215.92,0.0,-1895.0,12.6,0.25,shadowing_obscuration
sample_0859,-89.6281,77.8392,25.67,91506.81,96010.35,-9423.09,51806.39,-1820215.92,0.0,-1878.3,21.4,0.25,steep_slope_hazard
sample_0860,-89.603,66.9779,26.43,91981.41,96067.64,-9423.09,51806.39,-1820215.92,0.0,-1968.2,18.8,0.43,steep_slope_hazard
sample_0861,-89.6377,89.154,24.73,92166.34,96296.49,-9423.09,51806.39,-1820215.92,0.0,-1840.4,19.9,1.33,steep_slope_hazard
sample_0862,-89.6113,77.6027,25.53,91273.86,94352.45,-9423.09,51806.39,-1820215.92,0.0,-1898.4,17.1,0.57,steep_slope_hazard
sample_0863,-89.5843,65.6739,26.37,92101.11,94581.37,-8778.27,52319.63,-1820199.29,0.0,-1885.6,6.1,1.44,shadowing_obscuration
sample_0864,-89.621,88.9871,24.56,91885.68,94638.67,-8778.27,52319.63,-1820199.29,0.0,-1900.7,14.5,0.96,shadowing_obscuration
sample_0865,-89.5945,77.3444,25.39,91075.55,94924.66,-8778.27,52319.63,-1820199.29,0.0,-1907.9,24.6,0.77,steep_slope_hazard
sample_0866,-89.6286,99.2282,23.96,92762.27,95153.5,-8778.27,52319.63,-1820199.29,0.0,-1879.3,23.6,0.95,steep_slope_hazard
sample_0867,-89.6026,87.8507,24.46,91478.06,95382.26,-8778.27,52319.63,-1820199.29,0.0,-1952.1,3.0,0.87,shadowing_obscuration
sample_0868,-89.5758,76.0918,25.29,91022.44,95611.02,-8133.44,52832.85,-1820182.28,0.0,-1947.3,5.8,1.19,shadowing_obscuration
sample_0869,-89.612,99.1018,23.77,92464.35,95668.14,-8133.44,52832.85,-1820182.28,0.0,-1824.9,5.0,0.57,shadowing_obscuration
sample_0870,-89.5858,87.6322,24.31,91150.74,95896.56,-8133.44,52832.85,-1820182.28,0.0,-1809.7,18.7,0.66,steep_slope_hazard
sample_0871,-89.5589,75.7902,25.12,90947.93,96182.32,-8133.44,52832.85,-1820182.28,0.0,-1912.8,20.8,1.36,steep_slope_hazard
sample_0872,-89.5936,98.0195,23.62,92033.8,96411.15,-8133.44,52832.85,-1820182.28,0.0,-1931.3,6.9,1.43,shadowing_obscuration
sample_0873,-89.5672,86.4325,24.23,90736.83,94468.69,-7488.61,53346.07,-1820164.91,0.0,-1864.1,13.6,1.36,shadowing_obscuration
sample_0874,-89.542,75.4692,24.95,90919.15,94526.05,-7488.61,53346.07,-1820164.91,0.0,-1906.4,21.3,0.75,steep_slope_hazard
sample_0875,-89.577,97.8413,23.45,91697.37,94754.77,-7488.61,53346.07,-1820164.91,0.0,-1975.4,18.9,1.21,steep_slope_hazard
sample_0876,-89.5504,86.17,24.08,90414.47,95040.52,-7488.61,53346.07,-1820164.91,0.0,-1951.9,14.5,0.82,shadowing_obscuration
sample_0877,-89.5846,108.1079,23.13,92786.7,95269.18,-7488.61,53346.07,-1820164.91,0.0,-1851.1,15.6,0.85,steep_slope_hazard
sample_0878,-89.5585,96.6945,23.32,91232.92,95497.75,-6843.78,53859.27,-1820147.17,0.0,-1861.4,13.7,0.47,shadowing_obscuration
sample_0879,-89.5336,85.8878,23.94,90103.57,95555.04,-6843.78,53859.27,-1820147.17,0.0,-1975.1,8.8,0.97,shadowing_obscuration
sample_0880,-89.568,107.9703,22.96,92448.34,95783.52,-6843.78,53859.27,-1820147.17,0.0,-1940.0,15.0,0.44,shadowing_obscuration
sample_0881,-89.5418,96.4715,23.15,90888.97,96012.08,-6843.78,53859.27,-1820147.17,0.0,-1938.4,17.8,0.63,steep_slope_hazard
sample_0882,-89.5148,84.6016,23.81,89958.07,96297.67,-6843.78,53859.27,-1820147.17,0.0,-1859.1,22.1,1.31,steep_slope_hazard
sample_0883,-89.5514,107.8128,22.8,92088.29,96354.92,-6198.94,54372.46,-1820129.06,0.0,-1976.5,16.6,0.47,steep_slope_hazard
sample_0884,-89.525,96.2286,22.99,90511.41,94414.24,-6198.94,54372.46,-1820129.06,0.0,-1961.3,19.5,0.29,steep_slope_hazard
sample_0885,-89.4979,84.2737,23.6,89926.65,94642.72,-6198.94,54372.46,-1820129.06,0.0,-1836.0,5.7,0.29,shadowing_obscuration
sample_0886,-89.533,106.6936,22.64,91592.95,94871.17,-6198.94,54372.46,-1820129.06,0.0,-1947.9,12.6,1.42,shadowing_obscuration
sample_0887,-89.5063,94.9943,22.87,90045.84,95156.67,-6198.94,54372.46,-1820129.06,0.0,-1862.5,2.2,0.86,shadowing_obscuration
sample_0888,-89.5423,117.9011,22.8,92862.69,95214.07,-5554.1,54885.64,-1820110.58,0.0,-1937.1,7.7,0.73,shadowing_obscuration
sample_0889,-89.5162,106.4903,22.48,91196.64,95442.35,-5554.1,54885.64,-1820110.58,0.0,-1962.1,18.7,1.25,steep_slope_hazard
sample_0890,-89.4895,94.7049,22.71,89701.71,95670.67,-5554.1,54885.64,-1820110.58,0.0,-1936.2,24.8,1.29,steep_slope_hazard
sample_0891,-89.524,116.8357,22.63,92369.39,95899.04,-5554.1,54885.64,-1820110.58,0.0,-1850.0,4.3,0.63,shadowing_obscuration
sample_0892,-89.4977,105.3087,22.33,90660.15,96127.3,-5554.1,54885.64,-1820110.58,0.0,-1826.0,11.2,1.1,shadowing_obscuration
sample_0893,-89.4726,94.3963,22.55,89340.27,96184.35,-4909.26,55398.81,-1820091.73,0.0,-1830.6,20.4,1.2,steep_slope_hazard
sample_0894,-89.5074,116.6725,22.51,91959.72,94301.26,-4909.26,55398.81,-1820091.73,0.0,-1908.5,6.7,1.05,shadowing_obscuration
sample_0895,-89.4809,105.0588,22.18,90270.18,94529.72,-4909.26,55398.81,-1820091.73,0.0,-1859.7,14.8,0.4,shadowing_obscuration
sample_0896,-89.4538,93.076,22.39,89130.68,94758.1,-4909.26,55398.81,-1820091.73,0.0,-1943.1,18.9,1.34,steep_slope_hazard
sample_0897,-89.4907,116.4888,22.39,91554.88,94815.16,-4909.26,55398.81,-1820091.73,0.0,-1927.2,16.2,0.9,steep_slope_hazard
sample_0898,-89.4641,104.789,22.02,89861.97,95043.63,-4264.41,55911.96,-1820072.51,0.0,-1818.7,6.3,0.57,shadowing_obscuration
sample_0899,-89.4983,126.7743,23.1,92646.76,95329.3,-4264.41,55911.96,-1820072.51,0.0,-1977.7,10.2,0.75,shadowing_obscuration
sample_0900,-89.4722,115.3336,22.22,91010.57,95557.47,-4264.41,55911.96,-1820072.51,0.0,-1964.6,20.0,0.25,steep_slope_hazard
sample_0901,-89.4454,103.5201,21.87,89329.58,95785.67,-4264.41,55911.96,-1820072.51,0.0,-1942.6,14.7,0.37,shadowing_obscuration
sample_0902,-89.4817,126.631,23.02,92323.01,95842.77,-4264.41,55911.96,-1820072.51,0.0,-1975.2,2.1,1.2,shadowing_obscuration
sample_0903,-89.4554,115.1035,22.1,90612.58,96071.06,-3619.56,56425.1,-1820052.92,0.0,-1947.3,19.5,0.2,steep_slope_hazard
sample_0904,-89.4284,103.2052,21.72,88939.09,96299.46,-3619.56,56425.1,-1820052.92,0.0,-1875.1,2.8,0.74,shadowing_obscuration
sample_0905,-89.4633,125.5293,22.85,91853.73,94415.89,-3619.56,56425.1,-1820052.92,0.0,-1904.1,19.2,0.88,steep_slope_hazard
sample_0906,-89.4368,113.887,21.92,90068.32,94644.32,-3619.56,56425.1,-1820052.92,0.0,-1819.3,6.7,0.27,shadowing_obscuration
sample_0907,-89.4115,102.871,21.57,88527.06,94701.42,-2974.71,56938.22,-1820032.97,0.0,-1832.9,24.0,1.47,steep_slope_hazard
sample_0908,-89.4466,125.3389,22.78,91497.85,94929.78,-2974.71,56938.22,-1820032.97,0.0,-1918.5,10.5,0.49,shadowing_obscuration
sample_0909,-89.42,113.6108,21.8,89663.31,95158.22,-2974.71,56938.22,-1820032.97,0.0,-1933.3,9.5,0.6,shadowing_obscuration
sample_0910,-89.4543,135.6446,24.1,92420.54,95443.76,-2974.71,56938.22,-1820032.97,0.0,-1911.7,5.4,0.6,shadowing_obscuration
sample_0911,-89.4299,125.1287,22.71,91135.29,95500.91,-2974.71,56938.22,-1820032.97,0.0,-1873.7,9.0,0.5,shadowing_obscuration
sample_0912,-89.4031,113.3151,21.68,89241.0,95729.34,-2329.86,57451.33,-1820012.64,0.0,-1931.7,22.2,0.2,steep_slope_hazard
sample_0913,-89.4377,135.4945,24.1,92108.12,95957.61,-2329.86,57451.33,-1820012.64,0.0,-1867.7,24.9,1.15,steep_slope_hazard
sample_0914,-89.4114,123.9384,22.53,90629.37,96185.85,-2329.86,57451.33,-1820012.64,0.0,-1906.3,10.5,1.46,shadowing_obscuration
sample_0915,-89.3843,112.0119,21.49,88692.82,96414.39,-2329.86,57451.33,-1820012.64,0.0,-1880.6,12.3,0.49,shadowing_obscuration
sample_0916,-89.4211,135.3243,24.1,91787.95,94302.13,-2329.86,57451.33,-1820012.64,0.0,-1901.5,18.6,1.06,steep_slope_hazard
sample_0917,-89.3946,123.682,22.46,90249.89,94587.45,-1685.01,57964.43,-1819991.94,0.0,-1927.0,22.4,1.16,steep_slope_hazard
sample_0918,-89.4286,145.5692,25.9,92612.07,94815.74,-1685.01,57964.43,-1819991.94,0.0,-1809.3,15.6,1.3,steep_slope_hazard
sample_0919,-89.4026,134.187,23.95,91368.79,95044.12,-1685.01,57964.43,-1819991.94,0.0,-1842.6,11.0,0.75,shadowing_obscuration
sample_0920,-89.3759,122.4303,22.28,89719.95,95272.56,-1685.01,57964.43,-1819991.94,0.0,-1954.8,11.5,0.59,shadowing_obscuration
sample_0921,-89.4121,145.4396,25.98,92360.16,95329.72,-1685.01,57964.43,-1819991.94,0.0,-1823.7,18.0,0.62,steep_slope_hazard
sample_0922,-89.3859,133.9701,23.95,91052.48,95615.37,-1040.15,58477.52,-1819970.88,0.0,-1892.3,2.1,1.13,shadowing_obscuration
sample_0923,-89.359,122.1282,22.2,89326.05,95843.82,-1040.15,58477.52,-1819970.88,0.0,-1819.0,16.3,1.26,steep_slope_hazard
sample_0924,-89.3937,144.356,25.88,92015.53,96072.18,-1040.15,58477.52,-1819970.88,0.0,-1836.0,10.2,0.44,shadowing_obscuration
sample_0925,-89.3691,133.7333,23.95,90725.88,96129.3,-1040.15,58477.52,-1819970.88,0.0,-1903.5,20.3,0.68,steep_slope_hazard
sample_0926,-89.3421,121.8069,22.13,88946.15,96357.91,-1040.15,58477.52,-1819970.88,0.0,-1976.0,4.1,1.37,shadowing_obscuration
sample_0927,-89.377,144.179,25.95,91793.37,94416.34,-395.3,58990.59,-1819949.44,0.0,-1931.6,15.5,1.25,steep_slope_hazard
sample_0928,-89.3505,132.508,23.78,90293.27,94701.73,-395.3,58990.59,-1819949.44,0.0,-1882.5,13.1,1.48,shadowing_obscuration
sample_0929,-89.3846,154.4443,28.07,92956.72,94929.93,-395.3,58990.59,-1819949.44,0.0,-1866.0,16.8,1.18,steep_slope_hazard
sample_0930,-89.3603,143.9819,26.02,91559.78,94986.97,-395.3,58990.59,-1819949.44,0.0,-1933.6,3.5,0.71,shadowing_obscuration
sample_0931,-89.3336,132.2252,23.77,89983.89,95215.44,-395.3,58990.59,-1819949.44,0.0,-1954.9,15.3,0.97,steep_slope_hazard
sample_0932,-89.368,154.3077,28.14,93041.14,95443.87,249.56,59503.65,-1819927.64,0.0,-1829.7,14.9,1.06,shadowing_obscuration
sample_0933,-89.3418,142.8093,25.88,91258.17,95729.41,249.56,59503.65,-1819927.64,0.0,-1802.8,14.9,0.3,shadowing_obscuration
sample_0934,-89.3149,130.9391,23.57,89565.43,95957.84,249.56,59503.65,-1819927.64,0.0,-1885.4,15.9,0.91,steep_slope_hazard
sample_0935,-89.3514,154.1509,28.19,93165.75,96014.96,249.56,59503.65,-1819927.64,0.0,-1949.1,17.6,1.12,steep_slope_hazard
sample_0936,-89.325,142.566,25.88,91264.52,96243.61,249.56,59503.65,-1819927.64,0.0,-1931.0,20.5,0.42,steep_slope_hazard
sample_0937,-89.2979,130.6114,23.52,89373.18,94302.11,894.42,60016.69,-1819905.47,0.0,-1976.7,8.2,1.21,shadowing_obscuration
sample_0938,-89.333,153.0314,28.04,93180.91,94530.14,894.42,60016.69,-1819905.47,0.0,-1815.4,21.0,0.96,steep_slope_hazard
sample_0939,-89.3064,141.3318,25.65,91194.68,94815.4,894.42,60016.69,-1819905.47,0.0,-1958.8,13.5,1.44,shadowing_obscuration
sample_0940,-89.3424,164.2392,30.3,95459.67,94872.43,894.42,60016.69,-1819905.47,0.0,-1876.2,3.8,0.26,shadowing_obscuration
sample_0941,-89.3163,152.8278,28.11,93260.79,95100.76,894.42,60016.69,-1819905.47,0.0,-1930.7,3.3,0.54,shadowing_obscuration
sample_0942,-89.2895,141.0426,25.62,91263.14,95329.24,1539.29,60529.72,-1819882.92,0.0,-1880.2,9.7,0.98,shadowing_obscuration
sample_0943,-89.324,163.1736,30.25,95427.72,95557.82,1539.29,60529.72,-1819882.92,0.0,-1862.7,20.1,0.59,steep_slope_hazard
sample_0944,-89.2995,152.6042,28.16,93383.37,95614.94,1539.29,60529.72,-1819882.92,0.0,-1830.6,18.3,1.13,steep_slope_hazard
sample_0945,-89.2726,140.7341,25.61,91275.57,95843.39,1539.29,60529.72,-1819882.92,0.0,-1942.8,20.1,1.19,steep_slope_hazard
sample_0946,-89.3074,163.0101,30.38,95563.84,96128.95,1539.29,60529.72,-1819882.92,0.0,-1978.0,13.9,0.33,shadowing_obscuration
sample_0947,-89.281,151.3965,28.01,93305.62,96357.48,2184.15,61042.74,-1819860.01,0.0,-1955.4,12.1,0.87,shadowing_obscuration
sample_0948,-89.2538,139.4137,25.38,91094.54,94415.71,2184.15,61042.74,-1819860.01,0.0,-1818.0,5.4,0.86,shadowing_obscuration
sample_0949,-89.2907,162.8264,30.5,95726.96,94472.65,2184.15,61042.74,-1819860.01,0.0,-1822.7,9.5,0.68,shadowing_obscuration
sample_0950,-89.2641,151.1267,28.07,93388.04,94700.84,2184.15,61042.74,-1819860.01,0.0,-1872.5,12.0,1.41,shadowing_obscuration
sample_0951,-89.2984,173.1119,32.58,98114.01,94986.41,2184.15,61042.74,-1819860.01,0.0,-1871.9,4.0,1.28,shadowing_obscuration
sample_0952,-89.2722,161.6714,30.44,95667.95,95214.92,2829.01,61555.74,-1819836.73,0.0,-1860.3,7.1,1.11,shadowing_obscuration
sample_0953,-89.2454,149.8578,27.88,93324.59,95443.36,2829.01,61555.74,-1819836.73,0.0,-1948.4,15.8,1.13,steep_slope_hazard
sample_0954,-89.2818,172.9686,32.77,98313.18,95500.48,2829.01,61555.74,-1819836.73,0.0,-1815.4,18.9,0.8,steep_slope_hazard
sample_0955,-89.2555,161.4412,30.57,95779.48,95728.74,2829.01,61555.74,-1819836.73,0.0,-1904.6,25.0,1.4,steep_slope_hazard
sample_0956,-89.2285,149.5429,27.93,93431.11,95957.18,3473.88,62068.72,-1819813.08,0.0,-1911.0,23.5,1.1,steep_slope_hazard
sample_0957,-89.2634,171.867,32.77,98315.02,96242.82,3473.88,62068.72,-1819813.08,0.0,-1886.6,16.8,1.15,steep_slope_hazard
sample_0958,-89.2387,161.1915,30.71,95892.23,96299.89,3473.88,62068.72,-1819813.08,0.0,-1971.5,11.7,1.32,shadowing_obscuration
sample_0959,-89.2115,149.2086,27.96,93557.01,94357.69,3473.88,62068.72,-1819813.08,0.0,-1950.1,16.6,0.56,steep_slope_hazard
sample_0960,-89.2467,171.6766,32.95,98511.04,94585.93,3473.88,62068.72,-1819813.08,0.0,-1847.2,20.1,1.25,steep_slope_hazard
sample_0961,-89.22,159.9484,30.62,95810.0,94814.27,4118.74,62581.7,-1819789.06,0.0,-1965.1,4.7,0.45,shadowing_obscuration
sample_0962,-89.2544,-178.0177,35.03,100917.5,95099.47,4118.74,62581.7,-1819789.06,0.0,-1871.4,11.4,0.65,shadowing_obscuration
sample_0963,-89.23,171.4663,33.13,98707.27,95156.33,4118.74,62581.7,-1819789.06,0.0,-1935.8,21.3,0.64,steep_slope_hazard
sample_0964,-89.2031,159.6527,30.73,95954.91,95384.62,4118.74,62581.7,-1819789.06,0.0,-1909.9,10.8,1.47,shadowing_obscuration
sample_0965,-89.2378,-178.1678,35.26,101139.01,95613.09,4118.74,62581.7,-1819789.06,0.0,-1928.0,15.2,1.31,steep_slope_hazard
sample_0966,-89.2114,170.276,33.12,98668.74,95841.52,4763.61,63094.66,-1819764.67,0.0,-1916.0,15.5,1.11,steep_slope_hazard
sample_0967,-89.1844,158.3496,30.58,95951.56,96069.92,4763.61,63094.66,-1819764.67,0.0,-1850.6,6.2,1.15,shadowing_obscuration
sample_0968,-89.2211,-178.3381,35.5,101365.57,96126.92,4763.61,63094.66,-1819764.67,0.0,-1926.5,10.3,0.93,shadowing_obscuration
sample_0969,-89.1946,170.0196,33.3,98830.22,96412.25,4763.61,63094.66,-1819764.67,0.0,-1878.0,9.7,1.43,shadowing_obscuration
sample_0970,-89.2287,-168.0931,37.43,103686.75,94470.46,4763.61,63094.66,-1819764.67,0.0,-1894.3,2.6,0.85,shadowing_obscuration
sample_0971,-89.2027,-179.4754,35.55,101411.49,94698.65,5408.48,63607.6,-1819739.91,0.0,-1860.5,2.6,0.69,shadowing_obscuration
sample_0972,-89.1778,169.7433,33.48,98995.39,94755.75,5408.48,63607.6,-1819739.91,0.0,-1811.4,21.1,0.41,steep_slope_hazard
sample_0973,-89.2121,-168.2228,37.66,104059.28,94984.24,5408.48,63607.6,-1819739.91,0.0,-1848.1,8.3,1.22,shadowing_obscuration
sample_0974,-89.1859,-179.6923,35.75,101686.44,95269.4,5408.48,63607.6,-1819739.91,0.0,-1941.3,13.9,1.15,shadowing_obscuration
sample_0975,-89.159,168.4658,33.44,98934.55,95497.74,5408.48,63607.6,-1819739.91,0.0,-1974.4,8.9,0.7,shadowing_obscuration
sample_0976,-89.1937,-169.3064,37.73,104262.53,95726.18,6053.34,64120.53,-1819714.78,0.0,-1932.8,23.6,0.23,steep_slope_hazard
sample_0977,-89.1692,-179.929,35.96,101955.72,95783.25,6053.34,64120.53,-1819714.78,0.0,-1872.9,8.0,1.29,shadowing_obscuration
sample_0978,-89.1421,168.1445,33.6,99127.12,96011.67,6053.34,64120.53,-1819714.78,0.0,-1970.7,11.9,0.21,shadowing_obscuration
sample_0979,-89.1771,-169.4834,37.96,104612.09,96240.31,6053.34,64120.53,-1819714.78,0.0,-1890.7,22.1,1.11,steep_slope_hazard
sample_0980,-89.1505,178.8456,35.98,101990.72,94355.22,6053.34,64120.53,-1819714.78,0.0,-1872.6,21.4,1.46,steep_slope_hazard
sample_0981,-89.1847,-159.2181,39.93,106504.63,94583.56,6698.21,64633.44,-1819689.29,0.0,-1919.8,6.3,0.77,shadowing_obscuration
sample_0982,-89.1604,-169.6804,38.19,104949.61,94640.56,6698.21,64633.44,-1819689.29,0.0,-1841.2,20.5,0.51,steep_slope_hazard
sample_0983,-89.1337,178.5628,36.17,102263.53,94868.9,6698.21,64633.44,-1819689.29,0.0,-1960.8,12.5,1.12,shadowing_obscuration
sample_0984,-89.1681,-159.3547,40.16,106955.73,95096.81,6698.21,64633.44,-1819689.29,0.0,-1966.5,13.1,1.26,shadowing_obscuration
sample_0985,-89.1419,-170.8531,38.26,105075.85,95382.04,6698.21,64633.44,-1819689.29,0.0,-1848.9,5.1,0.91,shadowing_obscuration
sample_0986,-89.1168,178.2607,36.36,102523.47,95439.0,7343.08,65146.34,-1819663.42,0.0,-1890.8,3.9,1.46,shadowing_obscuration
sample_0987,-89.1515,-159.5115,40.4,107385.01,95667.26,7343.08,65146.34,-1819663.42,0.0,-1856.1,18.7,0.27,steep_slope_hazard
sample_0988,-89.1251,-171.0964,38.48,105440.41,95895.78,7343.08,65146.34,-1819663.42,0.0,-1901.7,13.4,0.86,shadowing_obscuration
sample_0989,-89.098,176.949,36.33,102588.37,96124.2,7343.08,65146.34,-1819663.42,0.0,-1935.6,12.0,1.13,shadowing_obscuration
sample_0990,-89.1331,-160.631,40.47,107707.04,96352.38,7343.08,65146.34,-1819663.42,0.0,-1832.6,18.8,1.32,steep_slope_hazard
sample_0991,-89.1083,-171.3595,38.68,105821.01,96409.35,7987.95,65659.23,-1819637.18,0.0,-1836.1,19.6,0.43,steep_slope_hazard
sample_0992,-89.1424,-149.4232,42.23,109987.77,94526.62,7987.95,65659.23,-1819637.18,0.0,-1855.0,5.7,1.24,shadowing_obscuration
sample_0993,-89.1163,-160.8346,40.68,108174.13,94754.3,7987.95,65659.23,-1819637.18,0.0,-1931.0,16.0,0.92,steep_slope_hazard
sample_0994,-89.0896,-172.6198,38.7,105973.65,94982.02,7987.95,65659.23,-1819637.18,0.0,-1873.8,5.1,0.72,shadowing_obscuration
sample_0995,-89.1241,-150.4888,42.4,110241.63,95209.73,7987.95,65659.23,-1819637.18,0.0,-1915.0,19.3,0.37,steep_slope_hazard
sample_0996,-89.0996,-161.0582,40.89,108649.12,95266.69,8632.82,66172.1,-1819610.58,0.0,-1963.5,17.1,1.32,steep_slope_hazard
sample_0997,-89.0727,-172.9283,38.9,106318.93,95552.0,8632.82,66172.1,-1819610.58,0.0,-1814.9,24.0,0.4,steep_slope_hazard
sample_0998,-89.1075,-150.6523,42.63,110746.83,95780.37,8632.82,66172.1,-1819610.58,0.0,-1955.4,3.6,0.6,shadowing_obscuration
sample_0999,-89.081,-162.2659,40.94,108944.33,96008.61,8632.82,66172.1,-1819610.58,0.0,-1809.0,3.3,0.58,shadowing_obscuration
sample_1000,-89.0539,-174.2487,38.92,106406.94,96237.46,9277.68,66684.95,-1819583.6,0.0,-1899.7,8.5,1.33,shadowing_obscuration
